"filename", "language", "JSON", "TypeScript", "TypeScript JSX", "Properties", "JavaScript", "JSON with Comments", "Groovy", "Ignore", "Docker", "Markdown", "HTML", "XML", "comment", "blank", "total"
"/Users/ndt/Desktop/DATN/frontend-app/.dockerignore", "Ignore", 0, 0, 0, 0, 0, 0, 0, 15, 0, 0, 0, 0, 0, 0, 15
"/Users/ndt/Desktop/DATN/frontend-app/.prettierignore", "Ignore", 0, 0, 0, 0, 0, 0, 0, 23, 0, 0, 0, 0, 0, 0, 23
"/Users/ndt/Desktop/DATN/frontend-app/.prettierrc", "JSON", 7, 0, 0, 0, 0, 0, 0, 0, 0, 0, 0, 0, 0, 1, 8
"/Users/ndt/Desktop/DATN/frontend-app/Dockerfile", "Docker", 0, 0, 0, 0, 0, 0, 0, 0, 11, 0, 0, 0, 1, 11, 23
"/Users/ndt/Desktop/DATN/frontend-app/Jenkinsfile", "Groovy", 0, 0, 0, 0, 0, 0, 290, 0, 0, 0, 0, 0, 9, 35, 334
"/Users/ndt/Desktop/DATN/frontend-app/README.md", "Markdown", 0, 0, 0, 0, 0, 0, 0, 0, 0, 40, 0, 0, 0, 11, 51
"/Users/ndt/Desktop/DATN/frontend-app/crypto-mui-icon-cli.json", "JSON", 3, 0, 0, 0, 0, 0, 0, 0, 0, 0, 0, 0, 0, 0, 3
"/Users/ndt/Desktop/DATN/frontend-app/eslint.config.js", "JavaScript", 0, 0, 0, 0, 27, 0, 0, 0, 0, 0, 0, 0, 0, 2, 29
"/Users/ndt/Desktop/DATN/frontend-app/index.html", "HTML", 0, 0, 0, 0, 0, 0, 0, 0, 0, 0, 76, 0, 3, 10, 89
"/Users/ndt/Desktop/DATN/frontend-app/nginx.conf", "Properties", 0, 0, 0, 35, 0, 0, 0, 0, 0, 0, 0, 0, 16, 10, 61
"/Users/ndt/Desktop/DATN/frontend-app/package-lock.json", "JSON", 19149, 0, 0, 0, 0, 0, 0, 0, 0, 0, 0, 0, 0, 1, 19150
"/Users/ndt/Desktop/DATN/frontend-app/package.json", "JSON", 58, 0, 0, 0, 0, 0, 0, 0, 0, 0, 0, 0, 0, 1, 59
"/Users/ndt/Desktop/DATN/frontend-app/public/sitemap.xml", "XML", 0, 0, 0, 0, 0, 0, 0, 0, 0, 0, 0, 5, 0, 1, 6
"/Users/ndt/Desktop/DATN/frontend-app/public/vite.svg", "XML", 0, 0, 0, 0, 0, 0, 0, 0, 0, 0, 0, 1, 0, 0, 1
"/Users/ndt/Desktop/DATN/frontend-app/src/assets/HealthFactorNumberSvg.tsx", "TypeScript JSX", 0, 0, 46, 0, 0, 0, 0, 0, 0, 0, 0, 0, 0, 3, 49
"/Users/ndt/Desktop/DATN/frontend-app/src/assets/LoadingIcon.tsx", "TypeScript JSX", 0, 0, 6, 0, 0, 0, 0, 0, 0, 0, 0, 0, 0, 3, 9
"/Users/ndt/Desktop/DATN/frontend-app/src/assets/NoDataIcon.tsx", "TypeScript JSX", 0, 0, 28, 0, 0, 0, 0, 0, 0, 0, 0, 0, 0, 2, 30
"/Users/ndt/Desktop/DATN/frontend-app/src/assets/icons.tsx", "TypeScript JSX", 0, 0, 182, 0, 0, 0, 0, 0, 0, 0, 0, 0, 2, 17, 201
"/Users/ndt/Desktop/DATN/frontend-app/src/assets/protocols/BeefyIcon.tsx", "TypeScript JSX", 0, 0, 18, 0, 0, 0, 0, 0, 0, 0, 0, 0, 0, 3, 21
"/Users/ndt/Desktop/DATN/frontend-app/src/assets/protocols/FluidIcon.tsx", "TypeScript JSX", 0, 0, 27, 0, 0, 0, 0, 0, 0, 0, 0, 0, 0, 3, 30
"/Users/ndt/Desktop/DATN/frontend-app/src/assets/protocols/JupiterIcon.tsx", "TypeScript JSX", 0, 0, 18, 0, 0, 0, 0, 0, 0, 0, 0, 0, 0, 3, 21
"/Users/ndt/Desktop/DATN/frontend-app/src/assets/protocols/KaminoIcon.tsx", "TypeScript JSX", 0, 0, 15, 0, 0, 0, 0, 0, 0, 0, 0, 0, 0, 2, 17
"/Users/ndt/Desktop/DATN/frontend-app/src/assets/protocols/MorphoIcon.tsx", "TypeScript JSX", 0, 0, 18, 0, 0, 0, 0, 0, 0, 0, 0, 0, 0, 3, 21
"/Users/ndt/Desktop/DATN/frontend-app/src/assets/protocols/SiloV2Icon.tsx", "TypeScript JSX", 0, 0, 18, 0, 0, 0, 0, 0, 0, 0, 0, 0, 0, 3, 21
"/Users/ndt/Desktop/DATN/frontend-app/src/assets/protocols/TokemakIcon.tsx", "TypeScript JSX", 0, 0, 18, 0, 0, 0, 0, 0, 0, 0, 0, 0, 0, 3, 21
"/Users/ndt/Desktop/DATN/frontend-app/src/assets/protocols/WasabiIcon.tsx", "TypeScript JSX", 0, 0, 15, 0, 0, 0, 0, 0, 0, 0, 0, 0, 0, 3, 18
"/Users/ndt/Desktop/DATN/frontend-app/src/components/ButtonApproveEVM/ButtonApproveEVM.tsx", "TypeScript JSX", 0, 0, 75, 0, 0, 0, 0, 0, 0, 0, 0, 0, 0, 11, 86
"/Users/ndt/Desktop/DATN/frontend-app/src/components/CrossModeSwitch/CrossModeSwitch.tsx", "TypeScript JSX", 0, 0, 96, 0, 0, 0, 0, 0, 0, 0, 0, 0, 4, 6, 106
"/Users/ndt/Desktop/DATN/frontend-app/src/components/CustomForms/CustomTextField.tsx", "TypeScript JSX", 0, 0, 27, 0, 0, 0, 0, 0, 0, 0, 0, 0, 0, 9, 36
"/Users/ndt/Desktop/DATN/frontend-app/src/components/General/BoxCustom/BoxCustom.tsx", "TypeScript JSX", 0, 0, 15, 0, 0, 0, 0, 0, 0, 0, 0, 0, 0, 2, 17
"/Users/ndt/Desktop/DATN/frontend-app/src/components/General/BoxOptionWallet/BoxOptionWallet.tsx", "TypeScript JSX", 0, 0, 103, 0, 0, 0, 0, 0, 0, 0, 0, 0, 1, 6, 110
"/Users/ndt/Desktop/DATN/frontend-app/src/components/General/BoxSuspense/BoxSuspense.tsx", "TypeScript JSX", 0, 0, 16, 0, 0, 0, 0, 0, 0, 0, 0, 0, 0, 2, 18
"/Users/ndt/Desktop/DATN/frontend-app/src/components/General/ButtonCustom/ButtonCustom.tsx", "TypeScript JSX", 0, 0, 22, 0, 0, 0, 0, 0, 0, 0, 0, 0, 0, 2, 24
"/Users/ndt/Desktop/DATN/frontend-app/src/components/General/ButtonLoading/ButtonLoading.tsx", "TypeScript JSX", 0, 0, 17, 0, 0, 0, 0, 0, 0, 0, 0, 0, 0, 3, 20
"/Users/ndt/Desktop/DATN/frontend-app/src/components/General/CustomBox/CustomBox.tsx", "TypeScript JSX", 0, 0, 15, 0, 0, 0, 0, 0, 0, 0, 0, 0, 0, 2, 17
"/Users/ndt/Desktop/DATN/frontend-app/src/components/General/CustomSelect/CustomSelect.tsx", "TypeScript JSX", 0, 0, 19, 0, 0, 0, 0, 0, 0, 0, 0, 0, 0, 2, 21
"/Users/ndt/Desktop/DATN/frontend-app/src/components/General/FormatSmallNumber/FormatSmallNumber.tsx", "TypeScript JSX", 0, 0, 29, 0, 0, 0, 0, 0, 0, 0, 0, 0, 0, 8, 37
"/Users/ndt/Desktop/DATN/frontend-app/src/components/General/ToggleButtonGroupCustom/ToggleButtonGroupCustom.tsx", "TypeScript JSX", 0, 0, 69, 0, 0, 0, 0, 0, 0, 0, 0, 0, 4, 7, 80
"/Users/ndt/Desktop/DATN/frontend-app/src/components/General/TooltipInfo/TooltipInfo.tsx", "TypeScript JSX", 0, 0, 13, 0, 0, 0, 0, 0, 0, 0, 0, 0, 0, 4, 17
"/Users/ndt/Desktop/DATN/frontend-app/src/components/General/ValueWithStatus/ValueWithStatus.tsx", "TypeScript JSX", 0, 0, 20, 0, 0, 0, 0, 0, 0, 0, 0, 0, 0, 3, 23
"/Users/ndt/Desktop/DATN/frontend-app/src/components/General/WalletConnectIcon/WalletConnectIcon.tsx", "TypeScript JSX", 0, 0, 16, 0, 0, 0, 0, 0, 0, 0, 0, 0, 0, 6, 22
"/Users/ndt/Desktop/DATN/frontend-app/src/components/Modals/ConnectSolanaNetwork/ConnectEVMNetwork.tsx", "TypeScript JSX", 0, 0, 87, 0, 0, 0, 0, 0, 0, 0, 0, 0, 21, 8, 116
"/Users/ndt/Desktop/DATN/frontend-app/src/components/Modals/ConnectSolanaNetwork/ConnectSolanaNetwork.tsx", "TypeScript JSX", 0, 0, 112, 0, 0, 0, 0, 0, 0, 0, 0, 0, 1, 8, 121
"/Users/ndt/Desktop/DATN/frontend-app/src/components/Modals/ConnectSolanaNetwork/ModalConnectWallet.tsx", "TypeScript JSX", 0, 0, 32, 0, 0, 0, 0, 0, 0, 0, 0, 0, 6, 6, 44
"/Users/ndt/Desktop/DATN/frontend-app/src/components/Modals/ModalCustom.tsx", "TypeScript JSX", 0, 0, 22, 0, 0, 0, 0, 0, 0, 0, 0, 0, 0, 3, 25
"/Users/ndt/Desktop/DATN/frontend-app/src/components/Modals/ModalSettingAccount/ModalSettingAccount.tsx", "TypeScript JSX", 0, 0, 80, 0, 0, 0, 0, 0, 0, 0, 0, 0, 0, 14, 94
"/Users/ndt/Desktop/DATN/frontend-app/src/components/Modals/ModalSettingFee/ModalSettingFee.tsx", "TypeScript JSX", 0, 0, 103, 0, 0, 0, 0, 0, 0, 0, 0, 0, 0, 12, 115
"/Users/ndt/Desktop/DATN/frontend-app/src/components/Providers/ProviderEVM/ProviderEVM.tsx", "TypeScript JSX", 0, 0, 5, 0, 0, 0, 0, 0, 0, 0, 0, 0, 0, 2, 7
"/Users/ndt/Desktop/DATN/frontend-app/src/components/Providers/ProviderEVM/ProviderEVMUniversalWallet.tsx", "TypeScript JSX", 0, 0, 5, 0, 0, 0, 0, 0, 0, 0, 0, 0, 0, 2, 7
"/Users/ndt/Desktop/DATN/frontend-app/src/components/Providers/ProviderSolana/ProviderSolana.tsx", "TypeScript JSX", 0, 0, 27, 0, 0, 0, 0, 0, 0, 0, 0, 0, 2, 6, 35
"/Users/ndt/Desktop/DATN/frontend-app/src/components/Providers/ThemeProvider/ThemeProvider.tsx", "TypeScript JSX", 0, 0, 19, 0, 0, 0, 0, 0, 0, 0, 0, 0, 0, 4, 23
"/Users/ndt/Desktop/DATN/frontend-app/src/components/StatusData/Failed.tsx", "TypeScript JSX", 0, 0, 34, 0, 0, 0, 0, 0, 0, 0, 0, 0, 1, 5, 40
"/Users/ndt/Desktop/DATN/frontend-app/src/components/StatusData/Loading.tsx", "TypeScript JSX", 0, 0, 31, 0, 0, 0, 0, 0, 0, 0, 0, 0, 0, 2, 33
"/Users/ndt/Desktop/DATN/frontend-app/src/components/StatusData/Lockout.tsx", "TypeScript JSX", 0, 0, 22, 0, 0, 0, 0, 0, 0, 0, 0, 0, 0, 3, 25
"/Users/ndt/Desktop/DATN/frontend-app/src/components/StatusData/LockoutUniversal.tsx", "TypeScript JSX", 0, 0, 25, 0, 0, 0, 0, 0, 0, 0, 0, 0, 0, 4, 29
"/Users/ndt/Desktop/DATN/frontend-app/src/components/StatusData/NAValue.tsx", "TypeScript JSX", 0, 0, 24, 0, 0, 0, 0, 0, 0, 0, 0, 0, 0, 2, 26
"/Users/ndt/Desktop/DATN/frontend-app/src/components/StatusData/NoData.tsx", "TypeScript JSX", 0, 0, 10, 0, 0, 0, 0, 0, 0, 0, 0, 0, 0, 2, 12
"/Users/ndt/Desktop/DATN/frontend-app/src/components/SwitchWithText/SwitchWithText.tsx", "TypeScript JSX", 0, 0, 61, 0, 0, 0, 0, 0, 0, 0, 0, 0, 0, 4, 65
"/Users/ndt/Desktop/DATN/frontend-app/src/components/TableLoading/SkeletonTableBody.tsx", "TypeScript JSX", 0, 0, 24, 0, 0, 0, 0, 0, 0, 0, 0, 0, 0, 5, 29
"/Users/ndt/Desktop/DATN/frontend-app/src/components/ToastNotifier/ConfirmSwitchSmartWallet.tsx", "TypeScript JSX", 0, 0, 33, 0, 0, 0, 0, 0, 0, 0, 0, 0, 0, 3, 36
"/Users/ndt/Desktop/DATN/frontend-app/src/components/ToastNotifier/ToastNotifier.tsx", "TypeScript JSX", 0, 0, 5, 0, 0, 0, 0, 0, 0, 0, 0, 0, 0, 2, 7
"/Users/ndt/Desktop/DATN/frontend-app/src/constants/chainId.ts", "TypeScript", 0, 8, 0, 0, 0, 0, 0, 0, 0, 0, 0, 0, 0, 2, 10
"/Users/ndt/Desktop/DATN/frontend-app/src/constants/contractAddress/evm/index.ts", "TypeScript", 0, 6, 0, 0, 0, 0, 0, 0, 0, 0, 0, 0, 0, 2, 8
"/Users/ndt/Desktop/DATN/frontend-app/src/constants/contractAddress/solana/index.ts", "TypeScript", 0, 15, 0, 0, 0, 0, 0, 0, 0, 0, 0, 0, 0, 3, 18
"/Users/ndt/Desktop/DATN/frontend-app/src/constants/index.ts", "TypeScript", 0, 16, 0, 0, 0, 0, 0, 0, 0, 0, 0, 0, 0, 8, 24
"/Users/ndt/Desktop/DATN/frontend-app/src/constants/network.tsx", "TypeScript JSX", 0, 0, 26, 0, 0, 0, 0, 0, 0, 0, 0, 0, 0, 4, 30
"/Users/ndt/Desktop/DATN/frontend-app/src/constants/protocols.tsx", "TypeScript JSX", 0, 0, 21, 0, 0, 0, 0, 0, 0, 0, 0, 0, 0, 2, 23
"/Users/ndt/Desktop/DATN/frontend-app/src/constants/tokens/BaseTokenInfo.ts", "TypeScript", 0, 14, 0, 0, 0, 0, 0, 0, 0, 0, 0, 0, 0, 1, 15
"/Users/ndt/Desktop/DATN/frontend-app/src/constants/tokens/evm-ecosystem/EvmTokenInfo.ts", "TypeScript", 0, 27, 0, 0, 0, 0, 0, 0, 0, 0, 0, 0, 0, 2, 29
"/Users/ndt/Desktop/DATN/frontend-app/src/constants/tokens/evm-ecosystem/list-tokens/ethereum-testnet/index.ts", "TypeScript", 0, 43, 0, 0, 0, 0, 0, 0, 0, 0, 0, 0, 0, 6, 49
"/Users/ndt/Desktop/DATN/frontend-app/src/constants/tokens/evm-ecosystem/list-tokens/ethereum-testnet/mapNameToInfoEthereumTestnet.ts", "TypeScript", 0, 25, 0, 0, 0, 0, 0, 0, 0, 0, 0, 0, 0, 6, 31
"/Users/ndt/Desktop/DATN/frontend-app/src/constants/tokens/evm-ecosystem/list-tokens/ethereum/EthereumChainTokenInfo.ts", "TypeScript", 0, 27, 0, 0, 0, 0, 0, 0, 0, 0, 0, 0, 0, 2, 29
"/Users/ndt/Desktop/DATN/frontend-app/src/constants/tokens/evm-ecosystem/list-tokens/ethereum/index.ts", "TypeScript", 0, 59, 0, 0, 0, 0, 0, 0, 0, 0, 0, 0, 0, 8, 67
"/Users/ndt/Desktop/DATN/frontend-app/src/constants/tokens/evm-ecosystem/list-tokens/ethereum/mapNameToInfoEthereum.ts", "TypeScript", 0, 29, 0, 0, 0, 0, 0, 0, 0, 0, 0, 0, 0, 6, 35
"/Users/ndt/Desktop/DATN/frontend-app/src/constants/tokens/evm-ecosystem/mapNameToInfoEthereum.ts", "TypeScript", 0, 28, 0, 0, 0, 0, 0, 0, 0, 0, 0, 0, 0, 6, 34
"/Users/ndt/Desktop/DATN/frontend-app/src/constants/tokens/mapNameToInfo.ts", "TypeScript", 0, 34, 0, 0, 0, 0, 0, 0, 0, 0, 0, 0, 0, 5, 39
"/Users/ndt/Desktop/DATN/frontend-app/src/constants/tokens/solana-ecosystem/SolanaEcosystemTokenInfo.ts", "TypeScript", 0, 30, 0, 0, 0, 0, 0, 0, 0, 0, 0, 0, 0, 2, 32
"/Users/ndt/Desktop/DATN/frontend-app/src/constants/tokens/solana-ecosystem/mapNameToInfoSolana.ts", "TypeScript", 0, 38, 0, 0, 0, 0, 0, 0, 0, 0, 0, 0, 0, 9, 47
"/Users/ndt/Desktop/DATN/frontend-app/src/constants/tokens/solana-ecosystem/solana-devnet/SolanaDevnetTokenInfo.ts", "TypeScript", 0, 29, 0, 0, 0, 0, 0, 0, 0, 0, 0, 0, 0, 2, 31
"/Users/ndt/Desktop/DATN/frontend-app/src/constants/tokens/solana-ecosystem/solana-devnet/index.ts", "TypeScript", 0, 99, 0, 0, 0, 0, 0, 0, 0, 0, 0, 0, 3, 12, 114
"/Users/ndt/Desktop/DATN/frontend-app/src/constants/tokens/solana-ecosystem/solana-devnet/mapNameToInfoSolanaDevnet.ts", "TypeScript", 0, 35, 0, 0, 0, 0, 0, 0, 0, 0, 0, 0, 0, 4, 39
"/Users/ndt/Desktop/DATN/frontend-app/src/constants/tokens/solana-ecosystem/solana-mainnet/SolanaMainnetTokenInfo.ts", "TypeScript", 0, 29, 0, 0, 0, 0, 0, 0, 0, 0, 0, 0, 0, 2, 31
"/Users/ndt/Desktop/DATN/frontend-app/src/constants/tokens/solana-ecosystem/solana-mainnet/index.ts", "TypeScript", 0, 102, 0, 0, 0, 0, 0, 0, 0, 0, 0, 0, 0, 11, 113
"/Users/ndt/Desktop/DATN/frontend-app/src/constants/tokens/solana-ecosystem/solana-mainnet/mapNameToInfoSolanaMainnet.ts", "TypeScript", 0, 38, 0, 0, 0, 0, 0, 0, 0, 0, 0, 0, 0, 4, 42
"/Users/ndt/Desktop/DATN/frontend-app/src/contracts/evm/abi/universalWallet.ts", "TypeScript", 0, 1032, 0, 0, 0, 0, 0, 0, 0, 0, 0, 0, 0, 1, 1033
"/Users/ndt/Desktop/DATN/frontend-app/src/contracts/evm/abi/vault.ts", "TypeScript", 0, 437, 0, 0, 0, 0, 0, 0, 0, 0, 0, 0, 0, 1, 438
"/Users/ndt/Desktop/DATN/frontend-app/src/contracts/evm/abi/vaultRouter.ts", "TypeScript", 0, 302, 0, 0, 0, 0, 0, 0, 0, 0, 0, 0, 0, 1, 303
"/Users/ndt/Desktop/DATN/frontend-app/src/contracts/solana/contracts/LendingContract/LendingContract.ts", "TypeScript", 0, 469, 0, 0, 0, 0, 0, 0, 0, 0, 0, 0, 6, 90, 565
"/Users/ndt/Desktop/DATN/frontend-app/src/contracts/solana/contracts/LendingContract/LendingCrossContract.ts", "TypeScript", 0, 482, 0, 0, 0, 0, 0, 0, 0, 0, 0, 0, 9, 84, 575
"/Users/ndt/Desktop/DATN/frontend-app/src/contracts/solana/contracts/LendingContract/constant.ts", "TypeScript", 0, 26, 0, 0, 0, 0, 0, 0, 0, 0, 0, 0, 1, 3, 30
"/Users/ndt/Desktop/DATN/frontend-app/src/contracts/solana/contracts/LendingContractUniversal/LendingContractUniversal.ts", "TypeScript", 0, 551, 0, 0, 0, 0, 0, 0, 0, 0, 0, 0, 10, 91, 652
"/Users/ndt/Desktop/DATN/frontend-app/src/contracts/solana/contracts/LendingContractUniversal/LendingUtilityUniversal.ts", "TypeScript", 0, 30, 0, 0, 0, 0, 0, 0, 0, 0, 0, 0, 0, 8, 38
"/Users/ndt/Desktop/DATN/frontend-app/src/contracts/solana/contracts/LendingContractUniversal/constant.ts", "TypeScript", 0, 26, 0, 0, 0, 0, 0, 0, 0, 0, 0, 0, 1, 3, 30
"/Users/ndt/Desktop/DATN/frontend-app/src/contracts/solana/contracts/LendingContractUniversal/utils.ts", "TypeScript", 0, 41, 0, 0, 0, 0, 0, 0, 0, 0, 0, 0, 13, 11, 65
"/Users/ndt/Desktop/DATN/frontend-app/src/contracts/solana/contracts/LiquidatorContract/constant.ts", "TypeScript", 0, 6, 0, 0, 0, 0, 0, 0, 0, 0, 0, 0, 0, 1, 7
"/Users/ndt/Desktop/DATN/frontend-app/src/contracts/solana/contracts/LiquidatorContract/index.ts", "TypeScript", 0, 104, 0, 0, 0, 0, 0, 0, 0, 0, 0, 0, 2, 22, 128
"/Users/ndt/Desktop/DATN/frontend-app/src/contracts/solana/contracts/SolanaContractAbstract.ts", "TypeScript", 0, 153, 0, 0, 0, 0, 0, 0, 0, 0, 0, 0, 4, 25, 182
"/Users/ndt/Desktop/DATN/frontend-app/src/contracts/solana/contracts/VaultContract/constant.ts", "TypeScript", 0, 6, 0, 0, 0, 0, 0, 0, 0, 0, 0, 0, 0, 3, 9
"/Users/ndt/Desktop/DATN/frontend-app/src/contracts/solana/contracts/VaultContract/index.ts", "TypeScript", 0, 138, 0, 0, 0, 0, 0, 0, 0, 0, 0, 0, 1, 28, 167
"/Users/ndt/Desktop/DATN/frontend-app/src/contracts/solana/idl/lending/lending.ts", "TypeScript", 0, 30989, 0, 0, 0, 0, 0, 0, 0, 0, 0, 0, 1, 3, 30993
"/Users/ndt/Desktop/DATN/frontend-app/src/contracts/solana/idl/liquidator/liquidator.ts", "TypeScript", 0, 1683, 0, 0, 0, 0, 0, 0, 0, 0, 0, 0, 0, 3, 1686
"/Users/ndt/Desktop/DATN/frontend-app/src/contracts/solana/idl/vault/vault.ts", "TypeScript", 0, 2182, 0, 0, 0, 0, 0, 0, 0, 0, 0, 0, 0, 2, 2184
"/Users/ndt/Desktop/DATN/frontend-app/src/global.config.ts", "TypeScript", 0, 38, 0, 0, 0, 0, 0, 0, 0, 0, 0, 0, 27, 13, 78
"/Users/ndt/Desktop/DATN/frontend-app/src/hooks/mutations/useBorrowEVM.tsx", "TypeScript JSX", 0, 0, 99, 0, 0, 0, 0, 0, 0, 0, 0, 0, 0, 14, 113
"/Users/ndt/Desktop/DATN/frontend-app/src/hooks/mutations/useBurnEVM.tsx", "TypeScript JSX", 0, 0, 96, 0, 0, 0, 0, 0, 0, 0, 0, 0, 14, 15, 125
"/Users/ndt/Desktop/DATN/frontend-app/src/hooks/mutations/useDepositEVM.tsx", "TypeScript JSX", 0, 0, 101, 0, 0, 0, 0, 0, 0, 0, 0, 0, 14, 15, 130
"/Users/ndt/Desktop/DATN/frontend-app/src/hooks/mutations/useWithdrawEVM.tsx", "TypeScript JSX", 0, 0, 101, 0, 0, 0, 0, 0, 0, 0, 0, 0, 0, 13, 114
"/Users/ndt/Desktop/DATN/frontend-app/src/hooks/mutations/vault/useClamRewardVault.tsx", "TypeScript JSX", 0, 0, 34, 0, 0, 0, 0, 0, 0, 0, 0, 0, 0, 6, 40
"/Users/ndt/Desktop/DATN/frontend-app/src/hooks/mutations/vault/useDepositVault.tsx", "TypeScript JSX", 0, 0, 55, 0, 0, 0, 0, 0, 0, 0, 0, 0, 0, 11, 66
"/Users/ndt/Desktop/DATN/frontend-app/src/hooks/mutations/vault/useWithdrawVault.tsx", "TypeScript JSX", 0, 0, 40, 0, 0, 0, 0, 0, 0, 0, 0, 0, 0, 8, 48
"/Users/ndt/Desktop/DATN/frontend-app/src/hooks/useAsyncExecute.tsx", "TypeScript JSX", 0, 0, 68, 0, 0, 0, 0, 0, 0, 0, 0, 0, 0, 12, 80
"/Users/ndt/Desktop/DATN/frontend-app/src/hooks/useContract/useGetLiquidityWithdrawCap.tsx", "TypeScript JSX", 0, 0, 43, 0, 0, 0, 0, 0, 0, 0, 0, 0, 0, 12, 55
"/Users/ndt/Desktop/DATN/frontend-app/src/hooks/useContract/useGetTransFee.tsx", "TypeScript JSX", 0, 0, 26, 0, 0, 0, 0, 0, 0, 0, 0, 0, 0, 7, 33
"/Users/ndt/Desktop/DATN/frontend-app/src/hooks/useContract/useLendingContract.tsx", "TypeScript JSX", 0, 0, 19, 0, 0, 0, 0, 0, 0, 0, 0, 0, 0, 6, 25
"/Users/ndt/Desktop/DATN/frontend-app/src/hooks/useHighcharts/useAreaChartConfig.ts", "TypeScript", 0, 39, 0, 0, 0, 0, 0, 0, 0, 0, 0, 0, 1, 3, 43
"/Users/ndt/Desktop/DATN/frontend-app/src/hooks/useHighcharts/useDonutChartConfig.ts", "TypeScript", 0, 52, 0, 0, 0, 0, 0, 0, 0, 0, 0, 0, 1, 3, 56
"/Users/ndt/Desktop/DATN/frontend-app/src/hooks/useHighcharts/useHighchartsDefaultConfig.tsx", "TypeScript JSX", 0, 0, 81, 0, 0, 0, 0, 0, 0, 0, 0, 0, 0, 4, 85
"/Users/ndt/Desktop/DATN/frontend-app/src/hooks/useHighcharts/useSolidGaugeConfig.ts", "TypeScript", 0, 28, 0, 0, 0, 0, 0, 0, 0, 0, 0, 0, 1, 3, 32
"/Users/ndt/Desktop/DATN/frontend-app/src/hooks/useQueryAllPriceByName.ts", "TypeScript", 0, 20, 0, 0, 0, 0, 0, 0, 0, 0, 0, 0, 1, 4, 25
"/Users/ndt/Desktop/DATN/frontend-app/src/hooks/useQueryAllTokensPrice.ts", "TypeScript", 0, 30, 0, 0, 0, 0, 0, 0, 0, 0, 0, 0, 1, 6, 37
"/Users/ndt/Desktop/DATN/frontend-app/src/hooks/useQueryAllTokensPriceUniversal.ts", "TypeScript", 0, 18, 0, 0, 0, 0, 0, 0, 0, 0, 0, 0, 0, 3, 21
"/Users/ndt/Desktop/DATN/frontend-app/src/hooks/useQueryHook/queryBorrow/useBorrowRate.tsx", "TypeScript JSX", 0, 0, 19, 0, 0, 0, 0, 0, 0, 0, 0, 0, 0, 6, 25
"/Users/ndt/Desktop/DATN/frontend-app/src/hooks/useQueryHook/queryBorrow/useHealthFactor.tsx", "TypeScript JSX", 0, 0, 58, 0, 0, 0, 0, 0, 0, 0, 0, 0, 0, 10, 68
"/Users/ndt/Desktop/DATN/frontend-app/src/hooks/useQueryHook/queryBorrow/useInvestedValue.tsx", "TypeScript JSX", 0, 0, 126, 0, 0, 0, 0, 0, 0, 0, 0, 0, 3, 32, 161
"/Users/ndt/Desktop/DATN/frontend-app/src/hooks/useQueryHook/queryBorrow/useLendingMetrics.ts", "TypeScript", 0, 31, 0, 0, 0, 0, 0, 0, 0, 0, 0, 0, 0, 6, 37
"/Users/ndt/Desktop/DATN/frontend-app/src/hooks/useQueryHook/queryBorrow/useMaxLtv.tsx", "TypeScript JSX", 0, 0, 19, 0, 0, 0, 0, 0, 0, 0, 0, 0, 2, 6, 27
"/Users/ndt/Desktop/DATN/frontend-app/src/hooks/useQueryHook/queryBorrowUniversal/useBorrowRateUniversal.tsx", "TypeScript JSX", 0, 0, 18, 0, 0, 0, 0, 0, 0, 0, 0, 0, 0, 6, 24
"/Users/ndt/Desktop/DATN/frontend-app/src/hooks/useQueryHook/queryBorrowUniversal/useConnectSelectNetwork.tsx", "TypeScript JSX", 0, 0, 6, 0, 0, 0, 0, 0, 0, 0, 0, 0, 0, 4, 10
"/Users/ndt/Desktop/DATN/frontend-app/src/hooks/useQueryHook/queryBorrowUniversal/useGetBalanceTokenUniversal.tsx", "TypeScript JSX", 0, 0, 36, 0, 0, 0, 0, 0, 0, 0, 0, 0, 0, 6, 42
"/Users/ndt/Desktop/DATN/frontend-app/src/hooks/useQueryHook/queryBorrowUniversal/useGetCrossDepository.tsx", "TypeScript JSX", 0, 0, 19, 0, 0, 0, 0, 0, 0, 0, 0, 0, 0, 4, 23
"/Users/ndt/Desktop/DATN/frontend-app/src/hooks/useQueryHook/queryBorrowUniversal/useHealthFactorUniversal.tsx", "TypeScript JSX", 0, 0, 47, 0, 0, 0, 0, 0, 0, 0, 0, 0, 0, 10, 57
"/Users/ndt/Desktop/DATN/frontend-app/src/hooks/useQueryHook/queryBorrowUniversal/useInvestedValueUniversal.tsx", "TypeScript JSX", 0, 0, 124, 0, 0, 0, 0, 0, 0, 0, 0, 0, 3, 26, 153
"/Users/ndt/Desktop/DATN/frontend-app/src/hooks/useQueryHook/queryBorrowUniversal/useLendingMetricsUniversal.tsx", "TypeScript JSX", 0, 0, 30, 0, 0, 0, 0, 0, 0, 0, 0, 0, 0, 6, 36
"/Users/ndt/Desktop/DATN/frontend-app/src/hooks/useQueryHook/queryLiquidation/useGetStaked.tsx", "TypeScript JSX", 0, 0, 21, 0, 0, 0, 0, 0, 0, 0, 0, 0, 0, 6, 27
"/Users/ndt/Desktop/DATN/frontend-app/src/hooks/useQueryHook/queryLiquidation/useGetVaultApr.tsx", "TypeScript JSX", 0, 0, 14, 0, 0, 0, 0, 0, 0, 0, 0, 0, 0, 4, 18
"/Users/ndt/Desktop/DATN/frontend-app/src/hooks/useQueryHook/queryLiquidation/useGetVaultInfo.tsx", "TypeScript JSX", 0, 0, 18, 0, 0, 0, 0, 0, 0, 0, 0, 0, 0, 5, 23
"/Users/ndt/Desktop/DATN/frontend-app/src/hooks/useQueryHook/queryMyPortfolio/useJupiterQuote.ts", "TypeScript", 0, 34, 0, 0, 0, 0, 0, 0, 0, 0, 0, 0, 0, 8, 42
"/Users/ndt/Desktop/DATN/frontend-app/src/hooks/useQueryHook/queryMyPortfolio/useMyPortfolio.ts", "TypeScript", 0, 20, 0, 0, 0, 0, 0, 0, 0, 0, 0, 0, 0, 6, 26
"/Users/ndt/Desktop/DATN/frontend-app/src/hooks/useQueryHook/queryMyPortfolio/useQueryBorrowRate.ts", "TypeScript", 0, 31, 0, 0, 0, 0, 0, 0, 0, 0, 0, 0, 0, 5, 36
"/Users/ndt/Desktop/DATN/frontend-app/src/hooks/useQueryHook/queryMyPortfolio/useQueryDepositValue.ts", "TypeScript", 0, 41, 0, 0, 0, 0, 0, 0, 0, 0, 0, 0, 2, 3, 46
"/Users/ndt/Desktop/DATN/frontend-app/src/hooks/useQueryHook/queryMyPortfolio/useQueryRedeemConfig.ts", "TypeScript", 0, 22, 0, 0, 0, 0, 0, 0, 0, 0, 0, 0, 0, 4, 26
"/Users/ndt/Desktop/DATN/frontend-app/src/hooks/useQueryHook/queryMyPortfolio/useQueryYourBorrow.ts", "TypeScript", 0, 39, 0, 0, 0, 0, 0, 0, 0, 0, 0, 0, 0, 4, 43
"/Users/ndt/Desktop/DATN/frontend-app/src/hooks/useQueryHook/queryMyPortfolio/useRedeemWithCollateral.tsx", "TypeScript JSX", 0, 0, 58, 0, 0, 0, 0, 0, 0, 0, 0, 0, 0, 14, 72
"/Users/ndt/Desktop/DATN/frontend-app/src/hooks/useQueryHook/queryMyPortfolioUniversal/useHealthFactorUniversal.ts", "TypeScript", 0, 49, 0, 0, 0, 0, 0, 0, 0, 0, 0, 0, 0, 10, 59
"/Users/ndt/Desktop/DATN/frontend-app/src/hooks/useQueryHook/queryMyPortfolioUniversal/useJupiterQuote.ts", "TypeScript", 0, 34, 0, 0, 0, 0, 0, 0, 0, 0, 0, 0, 0, 8, 42
"/Users/ndt/Desktop/DATN/frontend-app/src/hooks/useQueryHook/queryMyPortfolioUniversal/useMaxProtocolWithdraw.ts", "TypeScript", 0, 20, 0, 0, 0, 0, 0, 0, 0, 0, 0, 0, 0, 6, 26
"/Users/ndt/Desktop/DATN/frontend-app/src/hooks/useQueryHook/queryMyPortfolioUniversal/useMyPortfolioUniversal.ts", "TypeScript", 0, 28, 0, 0, 0, 0, 0, 0, 0, 0, 0, 0, 0, 7, 35
"/Users/ndt/Desktop/DATN/frontend-app/src/hooks/useQueryHook/queryMyPortfolioUniversal/useQueryBorrowRate.ts", "TypeScript", 0, 32, 0, 0, 0, 0, 0, 0, 0, 0, 0, 0, 0, 5, 37
"/Users/ndt/Desktop/DATN/frontend-app/src/hooks/useQueryHook/queryMyPortfolioUniversal/useQueryDepositValue.ts", "TypeScript", 0, 41, 0, 0, 0, 0, 0, 0, 0, 0, 0, 0, 2, 3, 46
"/Users/ndt/Desktop/DATN/frontend-app/src/hooks/useQueryHook/queryMyPortfolioUniversal/useQueryRedeemConfig.ts", "TypeScript", 0, 21, 0, 0, 0, 0, 0, 0, 0, 0, 0, 0, 0, 4, 25
"/Users/ndt/Desktop/DATN/frontend-app/src/hooks/useQueryHook/queryMyPortfolioUniversal/useQueryTransactionsHistory.ts", "TypeScript", 0, 19, 0, 0, 0, 0, 0, 0, 0, 0, 0, 0, 2, 3, 24
"/Users/ndt/Desktop/DATN/frontend-app/src/hooks/useQueryHook/queryMyPortfolioUniversal/useQueryYourBorrow.ts", "TypeScript", 0, 40, 0, 0, 0, 0, 0, 0, 0, 0, 0, 0, 0, 4, 44
"/Users/ndt/Desktop/DATN/frontend-app/src/hooks/useQueryHook/queryMyPortfolioUniversal/useRedeemWithCollateral.tsx", "TypeScript JSX", 0, 0, 58, 0, 0, 0, 0, 0, 0, 0, 0, 0, 0, 14, 72
"/Users/ndt/Desktop/DATN/frontend-app/src/hooks/useQueryHook/querySwap/useSwapConfig.tsx", "TypeScript JSX", 0, 0, 74, 0, 0, 0, 0, 0, 0, 0, 0, 0, 5, 16, 95
"/Users/ndt/Desktop/DATN/frontend-app/src/hooks/useQueryHook/queryUniversalWallet/useQueryTransactionHistory.tsx", "TypeScript JSX", 0, 0, 18, 0, 0, 0, 0, 0, 0, 0, 0, 0, 2, 3, 23
"/Users/ndt/Desktop/DATN/frontend-app/src/hooks/useQueryHook/queryVault/useBannerInfo.ts", "TypeScript", 0, 22, 0, 0, 0, 0, 0, 0, 0, 0, 0, 0, 1, 7, 30
"/Users/ndt/Desktop/DATN/frontend-app/src/hooks/useQueryHook/queryVault/useStakedInfo.ts", "TypeScript", 0, 26, 0, 0, 0, 0, 0, 0, 0, 0, 0, 0, 1, 7, 34
"/Users/ndt/Desktop/DATN/frontend-app/src/hooks/useQueryHook/queryVault/useVaultInfoEVM.ts", "TypeScript", 0, 84, 0, 0, 0, 0, 0, 0, 0, 0, 0, 0, 1, 13, 98
"/Users/ndt/Desktop/DATN/frontend-app/src/hooks/useSwitchToSelectedChain.tsx", "TypeScript JSX", 0, 0, 20, 0, 0, 0, 0, 0, 0, 0, 0, 0, 0, 3, 23
"/Users/ndt/Desktop/DATN/frontend-app/src/layout/Layout.tsx", "TypeScript JSX", 0, 0, 28, 0, 0, 0, 0, 0, 0, 0, 0, 0, 1, 3, 32
"/Users/ndt/Desktop/DATN/frontend-app/src/layout/content/Content.tsx", "TypeScript JSX", 0, 0, 9, 0, 0, 0, 0, 0, 0, 0, 0, 0, 0, 2, 11
"/Users/ndt/Desktop/DATN/frontend-app/src/layout/header/ConnectWalletSection/ClassicConnectWallet.tsx", "TypeScript JSX", 0, 0, 117, 0, 0, 0, 0, 0, 0, 0, 0, 0, 0, 9, 126
"/Users/ndt/Desktop/DATN/frontend-app/src/layout/header/ConnectWalletSection/ConnectWalletSection.tsx", "TypeScript JSX", 0, 0, 176, 0, 0, 0, 0, 0, 0, 0, 0, 0, 0, 12, 188
"/Users/ndt/Desktop/DATN/frontend-app/src/layout/header/ConnectWalletSection/EVMWallet.tsx", "TypeScript JSX", 0, 0, 90, 0, 0, 0, 0, 0, 0, 0, 0, 0, 2, 8, 100
"/Users/ndt/Desktop/DATN/frontend-app/src/layout/header/ConnectWalletSection/HeadOfConnectWallet.tsx", "TypeScript JSX", 0, 0, 159, 0, 0, 0, 0, 0, 0, 0, 0, 0, 0, 9, 168
"/Users/ndt/Desktop/DATN/frontend-app/src/layout/header/ConnectWalletSection/ListTokenAvailable.tsx", "TypeScript JSX", 0, 0, 26, 0, 0, 0, 0, 0, 0, 0, 0, 0, 0, 2, 28
"/Users/ndt/Desktop/DATN/frontend-app/src/layout/header/ConnectWalletSection/SolanaWallet.tsx", "TypeScript JSX", 0, 0, 79, 0, 0, 0, 0, 0, 0, 0, 0, 0, 1, 9, 89
"/Users/ndt/Desktop/DATN/frontend-app/src/layout/header/Header.tsx", "TypeScript JSX", 0, 0, 52, 0, 0, 0, 0, 0, 0, 0, 0, 0, 0, 2, 54
"/Users/ndt/Desktop/DATN/frontend-app/src/layout/header/HeaderItem.tsx", "TypeScript JSX", 0, 0, 107, 0, 0, 0, 0, 0, 0, 0, 0, 0, 0, 7, 114
"/Users/ndt/Desktop/DATN/frontend-app/src/layout/header/HeaderNavbar.tsx", "TypeScript JSX", 0, 0, 62, 0, 0, 0, 0, 0, 0, 0, 0, 0, 0, 7, 69
"/Users/ndt/Desktop/DATN/frontend-app/src/layout/header/Setting.tsx", "TypeScript JSX", 0, 0, 68, 0, 0, 0, 0, 0, 0, 0, 0, 0, 0, 6, 74
"/Users/ndt/Desktop/DATN/frontend-app/src/layout/menu.ts", "TypeScript", 0, 21, 0, 0, 0, 0, 0, 0, 0, 0, 0, 0, 13, 2, 36
"/Users/ndt/Desktop/DATN/frontend-app/src/libs/crypto-icons/common/IconCrypto.tsx", "TypeScript JSX", 0, 0, 23, 0, 0, 0, 0, 0, 0, 0, 0, 0, 0, 2, 25
"/Users/ndt/Desktop/DATN/frontend-app/src/libs/crypto-icons/common/IconToken.tsx", "TypeScript JSX", 0, 0, 13, 0, 0, 0, 0, 0, 0, 0, 0, 0, 7, 2, 22
"/Users/ndt/Desktop/DATN/frontend-app/src/libs/crypto-icons/common/IconTokenAndName.tsx", "TypeScript JSX", 0, 0, 22, 0, 0, 0, 0, 0, 0, 0, 0, 0, 0, 3, 25
"/Users/ndt/Desktop/DATN/frontend-app/src/libs/crypto-icons/common/index.ts", "TypeScript", 0, 0, 0, 0, 0, 0, 0, 0, 0, 0, 0, 0, 1, 1, 2
"/Users/ndt/Desktop/DATN/frontend-app/src/libs/crypto-icons/constants/iconMappings.ts", "TypeScript", 0, 27, 0, 0, 0, 0, 0, 0, 0, 0, 0, 0, 5, 2, 34
"/Users/ndt/Desktop/DATN/frontend-app/src/libs/crypto-icons/constants/imagePaths.ts", "TypeScript", 0, 89, 0, 0, 0, 0, 0, 0, 0, 0, 0, 0, 5, 23, 117
"/Users/ndt/Desktop/DATN/frontend-app/src/libs/crypto-icons/index.ts", "TypeScript", 0, 5, 0, 0, 0, 0, 0, 0, 0, 0, 0, 0, 0, 1, 6
"/Users/ndt/Desktop/DATN/frontend-app/src/libs/crypto-icons/systems/IconBSC.tsx", "TypeScript JSX", 0, 0, 20, 0, 0, 0, 0, 0, 0, 0, 0, 0, 0, 2, 22
"/Users/ndt/Desktop/DATN/frontend-app/src/libs/crypto-icons/systems/IconEthereum.tsx", "TypeScript JSX", 0, 0, 20, 0, 0, 0, 0, 0, 0, 0, 0, 0, 0, 2, 22
"/Users/ndt/Desktop/DATN/frontend-app/src/libs/crypto-icons/systems/index.ts", "TypeScript", 0, 2, 0, 0, 0, 0, 0, 0, 0, 0, 0, 0, 0, 1, 3
"/Users/ndt/Desktop/DATN/frontend-app/src/libs/crypto-icons/tokens/IconAI16Z.tsx", "TypeScript JSX", 0, 0, 20, 0, 0, 0, 0, 0, 0, 0, 0, 0, 0, 2, 22
"/Users/ndt/Desktop/DATN/frontend-app/src/libs/crypto-icons/tokens/IconBNB.tsx", "TypeScript JSX", 0, 0, 20, 0, 0, 0, 0, 0, 0, 0, 0, 0, 0, 2, 22
"/Users/ndt/Desktop/DATN/frontend-app/src/libs/crypto-icons/tokens/IconETH.tsx", "TypeScript JSX", 0, 0, 20, 0, 0, 0, 0, 0, 0, 0, 0, 0, 0, 2, 22
"/Users/ndt/Desktop/DATN/frontend-app/src/libs/crypto-icons/tokens/IconMAX.tsx", "TypeScript JSX", 0, 0, 20, 0, 0, 0, 0, 0, 0, 0, 0, 0, 0, 2, 22
"/Users/ndt/Desktop/DATN/frontend-app/src/libs/crypto-icons/tokens/IconORAI.tsx", "TypeScript JSX", 0, 0, 20, 0, 0, 0, 0, 0, 0, 0, 0, 0, 0, 2, 22
"/Users/ndt/Desktop/DATN/frontend-app/src/libs/crypto-icons/tokens/IconSOL.tsx", "TypeScript JSX", 0, 0, 22, 0, 0, 0, 0, 0, 0, 0, 0, 0, 0, 3, 25
"/Users/ndt/Desktop/DATN/frontend-app/src/libs/crypto-icons/tokens/IconTRUMP.tsx", "TypeScript JSX", 0, 0, 20, 0, 0, 0, 0, 0, 0, 0, 0, 0, 0, 2, 22
"/Users/ndt/Desktop/DATN/frontend-app/src/libs/crypto-icons/tokens/IconUSDAI.tsx", "TypeScript JSX", 0, 0, 20, 0, 0, 0, 0, 0, 0, 0, 0, 0, 0, 2, 22
"/Users/ndt/Desktop/DATN/frontend-app/src/libs/crypto-icons/tokens/IconUSDC.tsx", "TypeScript JSX", 0, 0, 20, 0, 0, 0, 0, 0, 0, 0, 0, 0, 0, 2, 22
"/Users/ndt/Desktop/DATN/frontend-app/src/libs/crypto-icons/tokens/IconUSDT.tsx", "TypeScript JSX", 0, 0, 20, 0, 0, 0, 0, 0, 0, 0, 0, 0, 0, 2, 22
"/Users/ndt/Desktop/DATN/frontend-app/src/libs/crypto-icons/tokens/IconVIRTUAL.tsx", "TypeScript JSX", 0, 0, 20, 0, 0, 0, 0, 0, 0, 0, 0, 0, 0, 2, 22
"/Users/ndt/Desktop/DATN/frontend-app/src/libs/crypto-icons/tokens/IconscORAI.tsx", "TypeScript JSX", 0, 0, 20, 0, 0, 0, 0, 0, 0, 0, 0, 0, 0, 2, 22
"/Users/ndt/Desktop/DATN/frontend-app/src/libs/crypto-icons/tokens/index.ts", "TypeScript", 0, 12, 0, 0, 0, 0, 0, 0, 0, 0, 0, 0, 0, 1, 13
"/Users/ndt/Desktop/DATN/frontend-app/src/libs/crypto-icons/types/SystemName.ts", "TypeScript", 0, 4, 0, 0, 0, 0, 0, 0, 0, 0, 0, 0, 0, 1, 5
"/Users/ndt/Desktop/DATN/frontend-app/src/libs/crypto-icons/types/TokenName.ts", "TypeScript", 0, 14, 0, 0, 0, 0, 0, 0, 0, 0, 0, 0, 0, 1, 15
"/Users/ndt/Desktop/DATN/frontend-app/src/libs/crypto-icons/types/WalletName.ts", "TypeScript", 0, 8, 0, 0, 0, 0, 0, 0, 0, 0, 0, 0, 0, 1, 9
"/Users/ndt/Desktop/DATN/frontend-app/src/libs/crypto-icons/types/index.ts", "TypeScript", 0, 9, 0, 0, 0, 0, 0, 0, 0, 0, 0, 0, 0, 4, 13
"/Users/ndt/Desktop/DATN/frontend-app/src/libs/crypto-icons/wallets/IconLeap.tsx", "TypeScript JSX", 0, 0, 20, 0, 0, 0, 0, 0, 0, 0, 0, 0, 0, 2, 22
"/Users/ndt/Desktop/DATN/frontend-app/src/libs/crypto-icons/wallets/IconMetaMask.tsx", "TypeScript JSX", 0, 0, 20, 0, 0, 0, 0, 0, 0, 0, 0, 0, 0, 2, 22
"/Users/ndt/Desktop/DATN/frontend-app/src/libs/crypto-icons/wallets/IconOwallet.tsx", "TypeScript JSX", 0, 0, 20, 0, 0, 0, 0, 0, 0, 0, 0, 0, 0, 2, 22
"/Users/ndt/Desktop/DATN/frontend-app/src/libs/crypto-icons/wallets/IconPhantom.tsx", "TypeScript JSX", 0, 0, 20, 0, 0, 0, 0, 0, 0, 0, 0, 0, 0, 2, 22
"/Users/ndt/Desktop/DATN/frontend-app/src/libs/crypto-icons/wallets/IconTronLink.tsx", "TypeScript JSX", 0, 0, 20, 0, 0, 0, 0, 0, 0, 0, 0, 0, 0, 2, 22
"/Users/ndt/Desktop/DATN/frontend-app/src/libs/crypto-icons/wallets/IconWalletConnect.tsx", "TypeScript JSX", 0, 0, 20, 0, 0, 0, 0, 0, 0, 0, 0, 0, 0, 2, 22
"/Users/ndt/Desktop/DATN/frontend-app/src/libs/crypto-icons/wallets/index.ts", "TypeScript", 0, 6, 0, 0, 0, 0, 0, 0, 0, 0, 0, 0, 0, 1, 7
"/Users/ndt/Desktop/DATN/frontend-app/src/main.tsx", "TypeScript JSX", 0, 0, 11, 0, 0, 0, 0, 0, 0, 0, 0, 0, 0, 2, 13
"/Users/ndt/Desktop/DATN/frontend-app/src/routes.tsx", "TypeScript JSX", 0, 0, 34, 0, 0, 0, 0, 0, 0, 0, 0, 0, 0, 3, 37
"/Users/ndt/Desktop/DATN/frontend-app/src/services/HandleApi/getDashboardInfo/getMetrics.ts", "TypeScript", 0, 35, 0, 0, 0, 0, 0, 0, 0, 0, 0, 0, 0, 9, 44
"/Users/ndt/Desktop/DATN/frontend-app/src/services/HandleApi/getDashboardInfo/type.ts", "TypeScript", 0, 74, 0, 0, 0, 0, 0, 0, 0, 0, 0, 0, 0, 11, 85
"/Users/ndt/Desktop/DATN/frontend-app/src/services/HandleApi/getHealthFactor/getHealthFactor.ts", "TypeScript", 0, 11, 0, 0, 0, 0, 0, 0, 0, 0, 0, 0, 0, 5, 16
"/Users/ndt/Desktop/DATN/frontend-app/src/services/HandleApi/getHealthFactor/type.ts", "TypeScript", 0, 22, 0, 0, 0, 0, 0, 0, 0, 0, 0, 0, 0, 5, 27
"/Users/ndt/Desktop/DATN/frontend-app/src/services/HandleApi/getJupiterInfo/getJupiterInfo.ts", "TypeScript", 0, 11, 0, 0, 0, 0, 0, 0, 0, 0, 0, 0, 1, 3, 15
"/Users/ndt/Desktop/DATN/frontend-app/src/services/HandleApi/getJupiterInfo/type.ts", "TypeScript", 0, 23, 0, 0, 0, 0, 0, 0, 0, 0, 0, 0, 2, 3, 28
"/Users/ndt/Desktop/DATN/frontend-app/src/services/HandleApi/getLeaderboard/getLeaderboard.ts", "TypeScript", 0, 10, 0, 0, 0, 0, 0, 0, 0, 0, 0, 0, 0, 3, 13
"/Users/ndt/Desktop/DATN/frontend-app/src/services/HandleApi/getLeaderboard/type.ts", "TypeScript", 0, 26, 0, 0, 0, 0, 0, 0, 0, 0, 0, 0, 0, 3, 29
"/Users/ndt/Desktop/DATN/frontend-app/src/services/HandleApi/getLendingMetrics/getLendingMetrics.ts", "TypeScript", 0, 11, 0, 0, 0, 0, 0, 0, 0, 0, 0, 0, 0, 3, 14
"/Users/ndt/Desktop/DATN/frontend-app/src/services/HandleApi/getLendingMetrics/type.ts", "TypeScript", 0, 13, 0, 0, 0, 0, 0, 0, 0, 0, 0, 0, 0, 2, 15
"/Users/ndt/Desktop/DATN/frontend-app/src/services/HandleApi/getLiquidator/getLiquidtator.ts", "TypeScript", 0, 11, 0, 0, 0, 0, 0, 0, 0, 0, 0, 0, 0, 3, 14
"/Users/ndt/Desktop/DATN/frontend-app/src/services/HandleApi/getLiquidator/type.ts", "TypeScript", 0, 18, 0, 0, 0, 0, 0, 0, 0, 0, 0, 0, 0, 3, 21
"/Users/ndt/Desktop/DATN/frontend-app/src/services/HandleApi/getMyPortfolioInfo/getMyPortfolioInfo.tsx", "TypeScript JSX", 0, 0, 33, 0, 0, 0, 0, 0, 0, 0, 0, 0, 1, 8, 42
"/Users/ndt/Desktop/DATN/frontend-app/src/services/HandleApi/getMyPortfolioInfo/getUsdaiInPool.ts", "TypeScript", 0, 8, 0, 0, 0, 0, 0, 0, 0, 0, 0, 0, 0, 3, 11
"/Users/ndt/Desktop/DATN/frontend-app/src/services/HandleApi/getMyPortfolioInfo/type.ts", "TypeScript", 0, 30, 0, 0, 0, 0, 0, 0, 0, 0, 0, 0, 0, 3, 33
"/Users/ndt/Desktop/DATN/frontend-app/src/services/HandleApi/getMyPortfolioUniversal/getMyPortfolioUniversal.tsx", "TypeScript JSX", 0, 0, 33, 0, 0, 0, 0, 0, 0, 0, 0, 0, 1, 8, 42
"/Users/ndt/Desktop/DATN/frontend-app/src/services/HandleApi/getMyPortfolioUniversal/getTransactionsHistory.tsx", "TypeScript JSX", 0, 0, 9, 0, 0, 0, 0, 0, 0, 0, 0, 0, 0, 3, 12
"/Users/ndt/Desktop/DATN/frontend-app/src/services/HandleApi/getMyPortfolioUniversal/getUniversalHealthFactor.tsx", "TypeScript JSX", 0, 0, 8, 0, 0, 0, 0, 0, 0, 0, 0, 0, 0, 3, 11
"/Users/ndt/Desktop/DATN/frontend-app/src/services/HandleApi/getMyPortfolioUniversal/getUsdaiInPool.ts", "TypeScript", 0, 8, 0, 0, 0, 0, 0, 0, 0, 0, 0, 0, 0, 3, 11
"/Users/ndt/Desktop/DATN/frontend-app/src/services/HandleApi/getMyPortfolioUniversal/type.ts", "TypeScript", 0, 61, 0, 0, 0, 0, 0, 0, 0, 0, 0, 0, 0, 6, 67
"/Users/ndt/Desktop/DATN/frontend-app/src/services/HandleApi/getPriceToken/getPriceToken.tsx", "TypeScript JSX", 0, 0, 36, 0, 0, 0, 0, 0, 0, 0, 0, 0, 1, 11, 48
"/Users/ndt/Desktop/DATN/frontend-app/src/services/HandleApi/getPriceToken/type.ts", "TypeScript", 0, 7, 0, 0, 0, 0, 0, 0, 0, 0, 0, 0, 0, 1, 8
"/Users/ndt/Desktop/DATN/frontend-app/src/services/HandleApi/getUniversalWallet/getTransactionHistory.tsx", "TypeScript JSX", 0, 0, 7, 0, 0, 0, 0, 0, 0, 0, 0, 0, 0, 3, 10
"/Users/ndt/Desktop/DATN/frontend-app/src/services/HandleApi/getUniversalWallet/type.ts", "TypeScript", 0, 23, 0, 0, 0, 0, 0, 0, 0, 0, 0, 0, 0, 2, 25
"/Users/ndt/Desktop/DATN/frontend-app/src/services/HandleApi/requestToLink/requestToLink.ts", "TypeScript", 0, 70, 0, 0, 0, 0, 0, 0, 0, 0, 0, 0, 0, 12, 82
"/Users/ndt/Desktop/DATN/frontend-app/src/services/HandleApi/universalLending/requestEVMLending.ts", "TypeScript", 0, 40, 0, 0, 0, 0, 0, 0, 0, 0, 0, 0, 0, 7, 47
"/Users/ndt/Desktop/DATN/frontend-app/src/services/apiUrl.ts", "TypeScript", 0, 55, 0, 0, 0, 0, 0, 0, 0, 0, 0, 0, 4, 4, 63
"/Users/ndt/Desktop/DATN/frontend-app/src/services/baseUrl.ts", "TypeScript", 0, 4, 0, 0, 0, 0, 0, 0, 0, 0, 0, 0, 1, 1, 6
"/Users/ndt/Desktop/DATN/frontend-app/src/services/utils.ts", "TypeScript", 0, 14, 0, 0, 0, 0, 0, 0, 0, 0, 0, 0, 1, 2, 17
"/Users/ndt/Desktop/DATN/frontend-app/src/states/hooks.ts", "TypeScript", 0, 9, 0, 0, 0, 0, 0, 0, 0, 0, 0, 0, 0, 3, 12
"/Users/ndt/Desktop/DATN/frontend-app/src/states/modal/hooks.ts", "TypeScript", 0, 5, 0, 0, 0, 0, 0, 0, 0, 0, 0, 0, 0, 3, 8
"/Users/ndt/Desktop/DATN/frontend-app/src/states/modal/state.tsx", "TypeScript JSX", 0, 0, 33, 0, 0, 0, 0, 0, 0, 0, 0, 0, 0, 4, 37
"/Users/ndt/Desktop/DATN/frontend-app/src/states/modal/types.ts", "TypeScript", 0, 11, 0, 0, 0, 0, 0, 0, 0, 0, 0, 0, 0, 3, 14
"/Users/ndt/Desktop/DATN/frontend-app/src/states/mode/hooks.ts", "TypeScript", 0, 5, 0, 0, 0, 0, 0, 0, 0, 0, 0, 0, 0, 3, 8
"/Users/ndt/Desktop/DATN/frontend-app/src/states/mode/state.tsx", "TypeScript JSX", 0, 0, 17, 0, 0, 0, 0, 0, 0, 0, 0, 0, 0, 3, 20
"/Users/ndt/Desktop/DATN/frontend-app/src/states/mode/types.ts", "TypeScript", 0, 3, 0, 0, 0, 0, 0, 0, 0, 0, 0, 0, 0, 1, 4
"/Users/ndt/Desktop/DATN/frontend-app/src/states/state.ts", "TypeScript", 0, 7, 0, 0, 0, 0, 0, 0, 0, 0, 0, 0, 0, 3, 10
"/Users/ndt/Desktop/DATN/frontend-app/src/states/themes/chart.ts", "TypeScript", 0, 135, 0, 0, 0, 0, 0, 0, 0, 0, 0, 0, 5, 9, 149
"/Users/ndt/Desktop/DATN/frontend-app/src/states/themes/configs/walletTheme.tsx", "TypeScript JSX", 0, 0, 748, 0, 0, 0, 0, 0, 0, 0, 0, 0, 21, 20, 789
"/Users/ndt/Desktop/DATN/frontend-app/src/states/themes/hooks.ts", "TypeScript", 0, 11, 0, 0, 0, 0, 0, 0, 0, 0, 0, 0, 0, 4, 15
"/Users/ndt/Desktop/DATN/frontend-app/src/states/themes/state.ts", "TypeScript", 0, 12, 0, 0, 0, 0, 0, 0, 0, 0, 0, 0, 0, 3, 15
"/Users/ndt/Desktop/DATN/frontend-app/src/states/themes/types.ts", "TypeScript", 0, 55, 0, 0, 0, 0, 0, 0, 0, 0, 0, 0, 4, 11, 70
"/Users/ndt/Desktop/DATN/frontend-app/src/states/themes/utils.tsx", "TypeScript JSX", 0, 0, 8, 0, 0, 0, 0, 0, 0, 0, 0, 0, 0, 1, 9
"/Users/ndt/Desktop/DATN/frontend-app/src/states/type.ts", "TypeScript", 0, 11, 0, 0, 0, 0, 0, 0, 0, 0, 0, 0, 1, 3, 15
"/Users/ndt/Desktop/DATN/frontend-app/src/states/wallets/constants/chainIcon.ts", "TypeScript", 0, 14, 0, 0, 0, 0, 0, 0, 0, 0, 0, 0, 0, 4, 18
"/Users/ndt/Desktop/DATN/frontend-app/src/states/wallets/constants/walletIcon.ts", "TypeScript", 0, 15, 0, 0, 0, 0, 0, 0, 0, 0, 0, 0, 1, 2, 18
"/Users/ndt/Desktop/DATN/frontend-app/src/states/wallets/evm-blockchain/chain/sepolia.ts", "TypeScript", 0, 29, 0, 0, 0, 0, 0, 0, 0, 0, 0, 0, 0, 2, 31
"/Users/ndt/Desktop/DATN/frontend-app/src/states/wallets/evm-blockchain/config.ts", "TypeScript", 0, 18, 0, 0, 0, 0, 0, 0, 0, 0, 0, 0, 1, 3, 22
"/Users/ndt/Desktop/DATN/frontend-app/src/states/wallets/evm-blockchain/connectors/metamaskConnector.ts", "TypeScript", 0, 2, 0, 0, 0, 0, 0, 0, 0, 0, 0, 0, 0, 2, 4
"/Users/ndt/Desktop/DATN/frontend-app/src/states/wallets/evm-blockchain/connectors/walletConnectConnector.ts", "TypeScript", 0, 17, 0, 0, 0, 0, 0, 0, 0, 0, 0, 0, 0, 2, 19
"/Users/ndt/Desktop/DATN/frontend-app/src/states/wallets/evm-blockchain/hooks/useGetAllBalanceEVM.tsx", "TypeScript JSX", 0, 0, 40, 0, 0, 0, 0, 0, 0, 0, 0, 0, 0, 9, 49
"/Users/ndt/Desktop/DATN/frontend-app/src/states/wallets/evm-blockchain/hooks/useGetBalanceEVM.tsx", "TypeScript JSX", 0, 0, 32, 0, 0, 0, 0, 0, 0, 0, 0, 0, 0, 8, 40
"/Users/ndt/Desktop/DATN/frontend-app/src/states/wallets/evm-blockchain/hooks/useSummaryEVMConnect.tsx", "TypeScript JSX", 0, 0, 21, 0, 0, 0, 0, 0, 0, 0, 0, 0, 1, 3, 25
"/Users/ndt/Desktop/DATN/frontend-app/src/states/wallets/hooks/useGetBalanceUniversal.tsx", "TypeScript JSX", 0, 0, 27, 0, 0, 0, 0, 0, 0, 0, 0, 0, 0, 7, 34
"/Users/ndt/Desktop/DATN/frontend-app/src/states/wallets/hooks/useGetBalanceUniversalByToken.tsx", "TypeScript JSX", 0, 0, 7, 0, 0, 0, 0, 0, 0, 0, 0, 0, 0, 3, 10
"/Users/ndt/Desktop/DATN/frontend-app/src/states/wallets/hooks/useSummaryConnect.tsx", "TypeScript JSX", 0, 0, 32, 0, 0, 0, 0, 0, 0, 0, 0, 0, 0, 6, 38
"/Users/ndt/Desktop/DATN/frontend-app/src/states/wallets/hooks/useSummaryConnectByNetwork.tsx", "TypeScript JSX", 0, 0, 14, 0, 0, 0, 0, 0, 0, 0, 0, 0, 0, 6, 20
"/Users/ndt/Desktop/DATN/frontend-app/src/states/wallets/hooks/useSummaryFirstActiveConnect.tsx", "TypeScript JSX", 0, 0, 32, 0, 0, 0, 0, 0, 0, 0, 0, 0, 0, 7, 39
"/Users/ndt/Desktop/DATN/frontend-app/src/states/wallets/solana-blockchain/configs.ts", "TypeScript", 0, 13, 0, 0, 0, 0, 0, 0, 0, 0, 0, 0, 2, 4, 19
"/Users/ndt/Desktop/DATN/frontend-app/src/states/wallets/solana-blockchain/hooks/useFetchAllSolTokenBalances.ts", "TypeScript", 0, 57, 0, 0, 0, 0, 0, 0, 0, 0, 0, 0, 0, 7, 64
"/Users/ndt/Desktop/DATN/frontend-app/src/states/wallets/solana-blockchain/hooks/useSolanaBalanceToken.ts", "TypeScript", 0, 35, 0, 0, 0, 0, 0, 0, 0, 0, 0, 0, 0, 4, 39
"/Users/ndt/Desktop/DATN/frontend-app/src/states/wallets/solana-blockchain/hooks/useSummarySolanaConnect.tsx", "TypeScript JSX", 0, 0, 20, 0, 0, 0, 0, 0, 0, 0, 0, 0, 2, 3, 25
"/Users/ndt/Desktop/DATN/frontend-app/src/states/wallets/solana-blockchain/types.ts", "TypeScript", 0, 5, 0, 0, 0, 0, 0, 0, 0, 0, 0, 0, 0, 1, 6
"/Users/ndt/Desktop/DATN/frontend-app/src/states/wallets/types.ts", "TypeScript", 0, 26, 0, 0, 0, 0, 0, 0, 0, 0, 0, 0, 0, 4, 30
"/Users/ndt/Desktop/DATN/frontend-app/src/utils/contract.ts", "TypeScript", 0, 15, 0, 0, 0, 0, 0, 0, 0, 0, 0, 0, 0, 4, 19
"/Users/ndt/Desktop/DATN/frontend-app/src/utils/format.ts", "TypeScript", 0, 100, 0, 0, 0, 0, 0, 0, 0, 0, 0, 0, 33, 14, 147
"/Users/ndt/Desktop/DATN/frontend-app/src/utils/index.ts", "TypeScript", 0, 97, 0, 0, 0, 0, 0, 0, 0, 0, 0, 0, 11, 23, 131
"/Users/ndt/Desktop/DATN/frontend-app/src/utils/notify.ts", "TypeScript", 0, 53, 0, 0, 0, 0, 0, 0, 0, 0, 0, 0, 0, 9, 62
"/Users/ndt/Desktop/DATN/frontend-app/src/utils/validateForm.ts", "TypeScript", 0, 45, 0, 0, 0, 0, 0, 0, 0, 0, 0, 0, 1, 7, 53
"/Users/ndt/Desktop/DATN/frontend-app/src/views/Borrow/Borrow.tsx", "TypeScript JSX", 0, 0, 49, 0, 0, 0, 0, 0, 0, 0, 0, 0, 2, 4, 55
"/Users/ndt/Desktop/DATN/frontend-app/src/views/Borrow/components/ActionSection/ActionSection.tsx", "TypeScript JSX", 0, 0, 104, 0, 0, 0, 0, 0, 0, 0, 0, 0, 2, 13, 119
"/Users/ndt/Desktop/DATN/frontend-app/src/views/Borrow/components/ActionSection/BorrowTableRow.tsx", "TypeScript JSX", 0, 0, 61, 0, 0, 0, 0, 0, 0, 0, 0, 0, 0, 8, 69
"/Users/ndt/Desktop/DATN/frontend-app/src/views/Borrow/components/ActionSection/DepositTableRow.tsx", "TypeScript JSX", 0, 0, 68, 0, 0, 0, 0, 0, 0, 0, 0, 0, 0, 8, 76
"/Users/ndt/Desktop/DATN/frontend-app/src/views/Borrow/components/BorrowButton/BorrowButton.tsx", "TypeScript JSX", 0, 0, 72, 0, 0, 0, 0, 0, 0, 0, 0, 0, 0, 14, 86
"/Users/ndt/Desktop/DATN/frontend-app/src/views/Borrow/components/BorrowDepositSection/BorrowPreview.tsx", "TypeScript JSX", 0, 0, 45, 0, 0, 0, 0, 0, 0, 0, 0, 0, 0, 6, 51
"/Users/ndt/Desktop/DATN/frontend-app/src/views/Borrow/components/BorrowDepositSection/BorrowSection.tsx", "TypeScript JSX", 0, 0, 106, 0, 0, 0, 0, 0, 0, 0, 0, 0, 1, 13, 120
"/Users/ndt/Desktop/DATN/frontend-app/src/views/Borrow/components/BorrowDepositSection/DepositItem.tsx", "TypeScript JSX", 0, 0, 81, 0, 0, 0, 0, 0, 0, 0, 0, 0, 2, 8, 91
"/Users/ndt/Desktop/DATN/frontend-app/src/views/Borrow/components/BorrowDepositSection/DepositPreview.tsx", "TypeScript JSX", 0, 0, 71, 0, 0, 0, 0, 0, 0, 0, 0, 0, 0, 11, 82
"/Users/ndt/Desktop/DATN/frontend-app/src/views/Borrow/components/BorrowDepositSection/DepositSection.tsx", "TypeScript JSX", 0, 0, 173, 0, 0, 0, 0, 0, 0, 0, 0, 0, 2, 28, 203
"/Users/ndt/Desktop/DATN/frontend-app/src/views/Borrow/components/BorrowRate/BorrowRate.tsx", "TypeScript JSX", 0, 0, 25, 0, 0, 0, 0, 0, 0, 0, 0, 0, 5, 5, 35
"/Users/ndt/Desktop/DATN/frontend-app/src/views/Borrow/components/BorrowSlide/CustomMark.tsx", "TypeScript JSX", 0, 0, 49, 0, 0, 0, 0, 0, 0, 0, 0, 0, 0, 6, 55
"/Users/ndt/Desktop/DATN/frontend-app/src/views/Borrow/components/BorrowSlide/CustomThumb.tsx", "TypeScript JSX", 0, 0, 23, 0, 0, 0, 0, 0, 0, 0, 0, 0, 0, 4, 27
"/Users/ndt/Desktop/DATN/frontend-app/src/views/Borrow/components/BorrowSlide/CustomTrack.tsx", "TypeScript JSX", 0, 0, 17, 0, 0, 0, 0, 0, 0, 0, 0, 0, 0, 5, 22
"/Users/ndt/Desktop/DATN/frontend-app/src/views/Borrow/components/HealthFactor/HealthFactor.tsx", "TypeScript JSX", 0, 0, 83, 0, 0, 0, 0, 0, 0, 0, 0, 0, 0, 7, 90
"/Users/ndt/Desktop/DATN/frontend-app/src/views/Borrow/components/HealthFactor/HealthFactorGauge.tsx", "TypeScript JSX", 0, 0, 53, 0, 0, 0, 0, 0, 0, 0, 0, 0, 1, 4, 58
"/Users/ndt/Desktop/DATN/frontend-app/src/views/Borrow/components/HealthFactor/HealthFactorSection.tsx", "TypeScript JSX", 0, 0, 81, 0, 0, 0, 0, 0, 0, 0, 0, 0, 0, 8, 89
"/Users/ndt/Desktop/DATN/frontend-app/src/views/Borrow/components/HealthFactor/constant.ts", "TypeScript", 0, 10, 0, 0, 0, 0, 0, 0, 0, 0, 0, 0, 0, 2, 12
"/Users/ndt/Desktop/DATN/frontend-app/src/views/Borrow/components/InputCustom/DepositCustomInput.tsx", "TypeScript JSX", 0, 0, 144, 0, 0, 0, 0, 0, 0, 0, 0, 0, 0, 7, 151
"/Users/ndt/Desktop/DATN/frontend-app/src/views/Borrow/components/LTVSection/LTVSection.tsx", "TypeScript JSX", 0, 0, 122, 0, 0, 0, 0, 0, 0, 0, 0, 0, 25, 18, 165
"/Users/ndt/Desktop/DATN/frontend-app/src/views/Borrow/components/MintBanner/MintBanner.tsx", "TypeScript JSX", 0, 0, 71, 0, 0, 0, 0, 0, 0, 0, 0, 0, 9, 7, 87
"/Users/ndt/Desktop/DATN/frontend-app/src/views/Borrow/constant.ts", "TypeScript", 0, 44, 0, 0, 0, 0, 0, 0, 0, 0, 0, 0, 0, 7, 51
"/Users/ndt/Desktop/DATN/frontend-app/src/views/Borrow/state/hooks.ts", "TypeScript", 0, 5, 0, 0, 0, 0, 0, 0, 0, 0, 0, 0, 0, 2, 7
"/Users/ndt/Desktop/DATN/frontend-app/src/views/Borrow/state/state.ts", "TypeScript", 0, 7, 0, 0, 0, 0, 0, 0, 0, 0, 0, 0, 0, 2, 9
"/Users/ndt/Desktop/DATN/frontend-app/src/views/Borrow/state/types.ts", "TypeScript", 0, 8, 0, 0, 0, 0, 0, 0, 0, 0, 0, 0, 0, 2, 10
"/Users/ndt/Desktop/DATN/frontend-app/src/views/Borrow/utils.ts", "TypeScript", 0, 43, 0, 0, 0, 0, 0, 0, 0, 0, 0, 0, 2, 13, 58
"/Users/ndt/Desktop/DATN/frontend-app/src/views/BorrowCrossChain/BorrowCrossChain.tsx", "TypeScript JSX", 0, 0, 55, 0, 0, 0, 0, 0, 0, 0, 0, 0, 2, 5, 62
"/Users/ndt/Desktop/DATN/frontend-app/src/views/BorrowCrossChain/components/ActionSection/ActionSection.tsx", "TypeScript JSX", 0, 0, 120, 0, 0, 0, 0, 0, 0, 0, 0, 0, 2, 16, 138
"/Users/ndt/Desktop/DATN/frontend-app/src/views/BorrowCrossChain/components/ActionSection/BorrowTableRow.tsx", "TypeScript JSX", 0, 0, 62, 0, 0, 0, 0, 0, 0, 0, 0, 0, 0, 8, 70
"/Users/ndt/Desktop/DATN/frontend-app/src/views/BorrowCrossChain/components/ActionSection/DepositTableRow.tsx", "TypeScript JSX", 0, 0, 79, 0, 0, 0, 0, 0, 0, 0, 0, 0, 0, 8, 87
"/Users/ndt/Desktop/DATN/frontend-app/src/views/BorrowCrossChain/components/AlertUniversalWallet/AlertUniversalWallet.tsx", "TypeScript JSX", 0, 0, 53, 0, 0, 0, 0, 0, 0, 0, 0, 0, 0, 8, 61
"/Users/ndt/Desktop/DATN/frontend-app/src/views/BorrowCrossChain/components/BorrowButton/BorrowButton.tsx", "TypeScript JSX", 0, 0, 100, 0, 0, 0, 0, 0, 0, 0, 0, 0, 0, 18, 118
"/Users/ndt/Desktop/DATN/frontend-app/src/views/BorrowCrossChain/components/BorrowDepositSection/BorrowPreview.tsx", "TypeScript JSX", 0, 0, 45, 0, 0, 0, 0, 0, 0, 0, 0, 0, 0, 6, 51
"/Users/ndt/Desktop/DATN/frontend-app/src/views/BorrowCrossChain/components/BorrowDepositSection/BorrowSection.tsx", "TypeScript JSX", 0, 0, 114, 0, 0, 0, 0, 0, 0, 0, 0, 0, 5, 16, 135
"/Users/ndt/Desktop/DATN/frontend-app/src/views/BorrowCrossChain/components/BorrowDepositSection/DepositItem.tsx", "TypeScript JSX", 0, 0, 84, 0, 0, 0, 0, 0, 0, 0, 0, 0, 2, 9, 95
"/Users/ndt/Desktop/DATN/frontend-app/src/views/BorrowCrossChain/components/BorrowDepositSection/DepositPreview.tsx", "TypeScript JSX", 0, 0, 76, 0, 0, 0, 0, 0, 0, 0, 0, 0, 0, 11, 87
"/Users/ndt/Desktop/DATN/frontend-app/src/views/BorrowCrossChain/components/BorrowDepositSection/DepositSection.tsx", "TypeScript JSX", 0, 0, 184, 0, 0, 0, 0, 0, 0, 0, 0, 0, 3, 29, 216
"/Users/ndt/Desktop/DATN/frontend-app/src/views/BorrowCrossChain/components/BorrowRate/BorrowRate.tsx", "TypeScript JSX", 0, 0, 25, 0, 0, 0, 0, 0, 0, 0, 0, 0, 5, 5, 35
"/Users/ndt/Desktop/DATN/frontend-app/src/views/BorrowCrossChain/components/BorrowSlide/CustomMark.tsx", "TypeScript JSX", 0, 0, 49, 0, 0, 0, 0, 0, 0, 0, 0, 0, 0, 6, 55
"/Users/ndt/Desktop/DATN/frontend-app/src/views/BorrowCrossChain/components/BorrowSlide/CustomThumb.tsx", "TypeScript JSX", 0, 0, 23, 0, 0, 0, 0, 0, 0, 0, 0, 0, 0, 4, 27
"/Users/ndt/Desktop/DATN/frontend-app/src/views/BorrowCrossChain/components/BorrowSlide/CustomTrack.tsx", "TypeScript JSX", 0, 0, 17, 0, 0, 0, 0, 0, 0, 0, 0, 0, 0, 5, 22
"/Users/ndt/Desktop/DATN/frontend-app/src/views/BorrowCrossChain/components/HealthFactor/HealthFactor.tsx", "TypeScript JSX", 0, 0, 83, 0, 0, 0, 0, 0, 0, 0, 0, 0, 0, 7, 90
"/Users/ndt/Desktop/DATN/frontend-app/src/views/BorrowCrossChain/components/HealthFactor/HealthFactorGauge.tsx", "TypeScript JSX", 0, 0, 53, 0, 0, 0, 0, 0, 0, 0, 0, 0, 1, 4, 58
"/Users/ndt/Desktop/DATN/frontend-app/src/views/BorrowCrossChain/components/HealthFactor/HealthFactorSection.tsx", "TypeScript JSX", 0, 0, 81, 0, 0, 0, 0, 0, 0, 0, 0, 0, 0, 8, 89
"/Users/ndt/Desktop/DATN/frontend-app/src/views/BorrowCrossChain/components/HealthFactor/constant.ts", "TypeScript", 0, 10, 0, 0, 0, 0, 0, 0, 0, 0, 0, 0, 0, 2, 12
"/Users/ndt/Desktop/DATN/frontend-app/src/views/BorrowCrossChain/components/InputCustom/DepositCustomInput.tsx", "TypeScript JSX", 0, 0, 331, 0, 0, 0, 0, 0, 0, 0, 0, 0, 1, 16, 348
"/Users/ndt/Desktop/DATN/frontend-app/src/views/BorrowCrossChain/components/LTVSection/LTVSection.tsx", "TypeScript JSX", 0, 0, 125, 0, 0, 0, 0, 0, 0, 0, 0, 0, 7, 17, 149
"/Users/ndt/Desktop/DATN/frontend-app/src/views/BorrowCrossChain/components/MintBanner/MintBanner.tsx", "TypeScript JSX", 0, 0, 69, 0, 0, 0, 0, 0, 0, 0, 0, 0, 9, 6, 84
"/Users/ndt/Desktop/DATN/frontend-app/src/views/BorrowCrossChain/constant.ts", "TypeScript", 0, 45, 0, 0, 0, 0, 0, 0, 0, 0, 0, 0, 0, 7, 52
"/Users/ndt/Desktop/DATN/frontend-app/src/views/BorrowCrossChain/state/hooks.ts", "TypeScript", 0, 7, 0, 0, 0, 0, 0, 0, 0, 0, 0, 0, 0, 2, 9
"/Users/ndt/Desktop/DATN/frontend-app/src/views/BorrowCrossChain/state/state.ts", "TypeScript", 0, 9, 0, 0, 0, 0, 0, 0, 0, 0, 0, 0, 0, 2, 11
"/Users/ndt/Desktop/DATN/frontend-app/src/views/BorrowCrossChain/state/types.ts", "TypeScript", 0, 9, 0, 0, 0, 0, 0, 0, 0, 0, 0, 0, 0, 2, 11
"/Users/ndt/Desktop/DATN/frontend-app/src/views/BorrowCrossChain/utils.ts", "TypeScript", 0, 43, 0, 0, 0, 0, 0, 0, 0, 0, 0, 0, 2, 13, 58
"/Users/ndt/Desktop/DATN/frontend-app/src/views/LiquidationLeaderboard/LeaderboardTable.tsx", "TypeScript JSX", 0, 0, 245, 0, 0, 0, 0, 0, 0, 0, 0, 0, 20, 12, 277
"/Users/ndt/Desktop/DATN/frontend-app/src/views/LiquidationLeaderboard/LiquidationLeaderboard.tsx", "TypeScript JSX", 0, 0, 14, 0, 0, 0, 0, 0, 0, 0, 0, 0, 3, 4, 21
"/Users/ndt/Desktop/DATN/frontend-app/src/views/LiquidationLeaderboard/components/Input.tsx", "TypeScript JSX", 0, 0, 26, 0, 0, 0, 0, 0, 0, 0, 0, 0, 0, 2, 28
"/Users/ndt/Desktop/DATN/frontend-app/src/views/LiquidationLeaderboard/components/SortButton.tsx", "TypeScript JSX", 0, 0, 32, 0, 0, 0, 0, 0, 0, 0, 0, 0, 0, 2, 34
"/Users/ndt/Desktop/DATN/frontend-app/src/views/LiquidationLeaderboard/components/StabilityVault/LiquidationRewardModal.tsx", "TypeScript JSX", 0, 0, 57, 0, 0, 0, 0, 0, 0, 0, 0, 0, 0, 8, 65
"/Users/ndt/Desktop/DATN/frontend-app/src/views/LiquidationLeaderboard/components/StabilityVault/LiquidationRewardRow.tsx", "TypeScript JSX", 0, 0, 54, 0, 0, 0, 0, 0, 0, 0, 0, 0, 0, 8, 62
"/Users/ndt/Desktop/DATN/frontend-app/src/views/LiquidationLeaderboard/components/StabilityVault/StabilityQuestionTooltip.tsx", "TypeScript JSX", 0, 0, 23, 0, 0, 0, 0, 0, 0, 0, 0, 0, 0, 5, 28
"/Users/ndt/Desktop/DATN/frontend-app/src/views/LiquidationLeaderboard/components/StabilityVault/StabilityVault.tsx", "TypeScript JSX", 0, 0, 122, 0, 0, 0, 0, 0, 0, 0, 0, 0, 0, 18, 140
"/Users/ndt/Desktop/DATN/frontend-app/src/views/LiquidationLeaderboard/components/StabilityVault/StakeModal.tsx", "TypeScript JSX", 0, 0, 157, 0, 0, 0, 0, 0, 0, 0, 0, 0, 1, 9, 167
"/Users/ndt/Desktop/DATN/frontend-app/src/views/LiquidationLeaderboard/components/StabilityVault/UnstakeModal.tsx", "TypeScript JSX", 0, 0, 161, 0, 0, 0, 0, 0, 0, 0, 0, 0, 1, 10, 172
"/Users/ndt/Desktop/DATN/frontend-app/src/views/LiquidationLeaderboard/components/StabilityVault/VaultAmount.tsx", "TypeScript JSX", 0, 0, 22, 0, 0, 0, 0, 0, 0, 0, 0, 0, 0, 5, 27
"/Users/ndt/Desktop/DATN/frontend-app/src/views/LiquidationLeaderboard/utils.ts", "TypeScript", 0, 25, 0, 0, 0, 0, 0, 0, 0, 0, 0, 0, 2, 4, 31
"/Users/ndt/Desktop/DATN/frontend-app/src/views/MyPortfolio/Borrow.tsx", "TypeScript JSX", 0, 0, 138, 0, 0, 0, 0, 0, 0, 0, 0, 0, 1, 12, 151
"/Users/ndt/Desktop/DATN/frontend-app/src/views/MyPortfolio/Deposit.tsx", "TypeScript JSX", 0, 0, 125, 0, 0, 0, 0, 0, 0, 0, 0, 0, 0, 7, 132
"/Users/ndt/Desktop/DATN/frontend-app/src/views/MyPortfolio/HealthFactor.tsx", "TypeScript JSX", 0, 0, 97, 0, 0, 0, 0, 0, 0, 0, 0, 0, 0, 10, 107
"/Users/ndt/Desktop/DATN/frontend-app/src/views/MyPortfolio/MyPortfolio.tsx", "TypeScript JSX", 0, 0, 35, 0, 0, 0, 0, 0, 0, 0, 0, 0, 0, 3, 38
"/Users/ndt/Desktop/DATN/frontend-app/src/views/MyPortfolio/MyWallet.tsx", "TypeScript JSX", 0, 0, 139, 0, 0, 0, 0, 0, 0, 0, 0, 0, 1, 8, 148
"/Users/ndt/Desktop/DATN/frontend-app/src/views/MyPortfolio/YourPosition.tsx", "TypeScript JSX", 0, 0, 150, 0, 0, 0, 0, 0, 0, 0, 0, 0, 2, 12, 164
"/Users/ndt/Desktop/DATN/frontend-app/src/views/MyPortfolio/components/CheckHealthFactor.tsx", "TypeScript JSX", 0, 0, 71, 0, 0, 0, 0, 0, 0, 0, 0, 0, 0, 7, 78
"/Users/ndt/Desktop/DATN/frontend-app/src/views/MyPortfolio/components/DepositModal.tsx", "TypeScript JSX", 0, 0, 241, 0, 0, 0, 0, 0, 0, 0, 0, 0, 0, 10, 251
"/Users/ndt/Desktop/DATN/frontend-app/src/views/MyPortfolio/components/InputCustom/CustomSelect.tsx", "TypeScript JSX", 0, 0, 37, 0, 0, 0, 0, 0, 0, 0, 0, 0, 0, 4, 41
"/Users/ndt/Desktop/DATN/frontend-app/src/views/MyPortfolio/components/InputCustom/CustomSelectToken.tsx", "TypeScript JSX", 0, 0, 55, 0, 0, 0, 0, 0, 0, 0, 0, 0, 0, 5, 60
"/Users/ndt/Desktop/DATN/frontend-app/src/views/MyPortfolio/components/InputCustom/RepayCustomInput.tsx", "TypeScript JSX", 0, 0, 196, 0, 0, 0, 0, 0, 0, 0, 0, 0, 1, 15, 212
"/Users/ndt/Desktop/DATN/frontend-app/src/views/MyPortfolio/components/RepayModal.tsx", "TypeScript JSX", 0, 0, 241, 0, 0, 0, 0, 0, 0, 0, 0, 0, 3, 12, 256
"/Users/ndt/Desktop/DATN/frontend-app/src/views/MyPortfolio/components/RepayModals/CrossModeRepayModal.tsx", "TypeScript JSX", 0, 0, 64, 0, 0, 0, 0, 0, 0, 0, 0, 0, 0, 9, 73
"/Users/ndt/Desktop/DATN/frontend-app/src/views/MyPortfolio/components/RepayModals/ModalSettingTrans.tsx", "TypeScript JSX", 0, 0, 28, 0, 0, 0, 0, 0, 0, 0, 0, 0, 0, 7, 35
"/Users/ndt/Desktop/DATN/frontend-app/src/views/MyPortfolio/components/RepayModals/RadioButton.tsx", "TypeScript JSX", 0, 0, 15, 0, 0, 0, 0, 0, 0, 0, 0, 0, 0, 4, 19
"/Users/ndt/Desktop/DATN/frontend-app/src/views/MyPortfolio/components/RepayModals/RepayWithCollateral.tsx", "TypeScript JSX", 0, 0, 200, 0, 0, 0, 0, 0, 0, 0, 0, 0, 2, 28, 230
"/Users/ndt/Desktop/DATN/frontend-app/src/views/MyPortfolio/components/RepayModals/RepayWithCollateralInfo.tsx", "TypeScript JSX", 0, 0, 129, 0, 0, 0, 0, 0, 0, 0, 0, 0, 0, 13, 142
"/Users/ndt/Desktop/DATN/frontend-app/src/views/MyPortfolio/components/RepayModals/type.ts", "TypeScript", 0, 5, 0, 0, 0, 0, 0, 0, 0, 0, 0, 0, 0, 2, 7
"/Users/ndt/Desktop/DATN/frontend-app/src/views/MyPortfolio/components/SliderCustom.tsx", "TypeScript JSX", 0, 0, 66, 0, 0, 0, 0, 0, 0, 0, 0, 0, 0, 3, 69
"/Users/ndt/Desktop/DATN/frontend-app/src/views/MyPortfolio/components/SwitchCustom.tsx", "TypeScript JSX", 0, 0, 40, 0, 0, 0, 0, 0, 0, 0, 0, 0, 1, 3, 44
"/Users/ndt/Desktop/DATN/frontend-app/src/views/MyPortfolio/components/SwitchMode.tsx", "TypeScript JSX", 0, 0, 54, 0, 0, 0, 0, 0, 0, 0, 0, 0, 0, 6, 60
"/Users/ndt/Desktop/DATN/frontend-app/src/views/MyPortfolio/components/WithdrawModal.tsx", "TypeScript JSX", 0, 0, 259, 0, 0, 0, 0, 0, 0, 0, 0, 0, 3, 12, 274
"/Users/ndt/Desktop/DATN/frontend-app/src/views/MyPortfolio/state/hooks.ts", "TypeScript", 0, 4, 0, 0, 0, 0, 0, 0, 0, 0, 0, 0, 0, 2, 6
"/Users/ndt/Desktop/DATN/frontend-app/src/views/MyPortfolio/state/settingTransaction.ts", "TypeScript", 0, 7, 0, 0, 0, 0, 0, 0, 0, 0, 0, 0, 0, 3, 10
"/Users/ndt/Desktop/DATN/frontend-app/src/views/MyPortfolio/utils.ts", "TypeScript", 0, 33, 0, 0, 0, 0, 0, 0, 0, 0, 0, 0, 1, 6, 40
"/Users/ndt/Desktop/DATN/frontend-app/src/views/MyPortfolioUniversal/Borrow.tsx", "TypeScript JSX", 0, 0, 133, 0, 0, 0, 0, 0, 0, 0, 0, 0, 2, 12, 147
"/Users/ndt/Desktop/DATN/frontend-app/src/views/MyPortfolioUniversal/Deposit.tsx", "TypeScript JSX", 0, 0, 136, 0, 0, 0, 0, 0, 0, 0, 0, 0, 1, 9, 146
"/Users/ndt/Desktop/DATN/frontend-app/src/views/MyPortfolioUniversal/HealthFactor.tsx", "TypeScript JSX", 0, 0, 112, 0, 0, 0, 0, 0, 0, 0, 0, 0, 0, 12, 124
"/Users/ndt/Desktop/DATN/frontend-app/src/views/MyPortfolioUniversal/MyPortfolioUniversal.tsx", "TypeScript JSX", 0, 0, 46, 0, 0, 0, 0, 0, 0, 0, 0, 0, 2, 6, 54
"/Users/ndt/Desktop/DATN/frontend-app/src/views/MyPortfolioUniversal/MyWallet.tsx", "TypeScript JSX", 0, 0, 144, 0, 0, 0, 0, 0, 0, 0, 0, 0, 0, 8, 152
"/Users/ndt/Desktop/DATN/frontend-app/src/views/MyPortfolioUniversal/YourPosition.tsx", "TypeScript JSX", 0, 0, 169, 0, 0, 0, 0, 0, 0, 0, 0, 0, 2, 14, 185
"/Users/ndt/Desktop/DATN/frontend-app/src/views/MyPortfolioUniversal/components/CheckHealthFactor.tsx", "TypeScript JSX", 0, 0, 72, 0, 0, 0, 0, 0, 0, 0, 0, 0, 0, 7, 79
"/Users/ndt/Desktop/DATN/frontend-app/src/views/MyPortfolioUniversal/components/DepositModal.tsx", "TypeScript JSX", 0, 0, 367, 0, 0, 0, 0, 0, 0, 0, 0, 0, 0, 18, 385
"/Users/ndt/Desktop/DATN/frontend-app/src/views/MyPortfolioUniversal/components/InputCustom/CustomSelect.tsx", "TypeScript JSX", 0, 0, 37, 0, 0, 0, 0, 0, 0, 0, 0, 0, 0, 4, 41
"/Users/ndt/Desktop/DATN/frontend-app/src/views/MyPortfolioUniversal/components/InputCustom/CustomSelectToken.tsx", "TypeScript JSX", 0, 0, 53, 0, 0, 0, 0, 0, 0, 0, 0, 0, 0, 5, 58
"/Users/ndt/Desktop/DATN/frontend-app/src/views/MyPortfolioUniversal/components/InputCustom/RepayCustomInput.tsx", "TypeScript JSX", 0, 0, 196, 0, 0, 0, 0, 0, 0, 0, 0, 0, 1, 15, 212
"/Users/ndt/Desktop/DATN/frontend-app/src/views/MyPortfolioUniversal/components/RepayModal.tsx", "TypeScript JSX", 0, 0, 355, 0, 0, 0, 0, 0, 0, 0, 0, 0, 4, 19, 378
"/Users/ndt/Desktop/DATN/frontend-app/src/views/MyPortfolioUniversal/components/RepayModals/CrossModeRepayModal.tsx", "TypeScript JSX", 0, 0, 64, 0, 0, 0, 0, 0, 0, 0, 0, 0, 0, 9, 73
"/Users/ndt/Desktop/DATN/frontend-app/src/views/MyPortfolioUniversal/components/RepayModals/ModalSettingTrans.tsx", "TypeScript JSX", 0, 0, 28, 0, 0, 0, 0, 0, 0, 0, 0, 0, 0, 7, 35
"/Users/ndt/Desktop/DATN/frontend-app/src/views/MyPortfolioUniversal/components/RepayModals/RadioButton.tsx", "TypeScript JSX", 0, 0, 15, 0, 0, 0, 0, 0, 0, 0, 0, 0, 0, 4, 19
"/Users/ndt/Desktop/DATN/frontend-app/src/views/MyPortfolioUniversal/components/RepayModals/RepayWithCollateral.tsx", "TypeScript JSX", 0, 0, 200, 0, 0, 0, 0, 0, 0, 0, 0, 0, 2, 29, 231
"/Users/ndt/Desktop/DATN/frontend-app/src/views/MyPortfolioUniversal/components/RepayModals/RepayWithCollateralInfo.tsx", "TypeScript JSX", 0, 0, 129, 0, 0, 0, 0, 0, 0, 0, 0, 0, 0, 13, 142
"/Users/ndt/Desktop/DATN/frontend-app/src/views/MyPortfolioUniversal/components/RepayModals/type.ts", "TypeScript", 0, 5, 0, 0, 0, 0, 0, 0, 0, 0, 0, 0, 0, 2, 7
"/Users/ndt/Desktop/DATN/frontend-app/src/views/MyPortfolioUniversal/components/SliderCustom.tsx", "TypeScript JSX", 0, 0, 66, 0, 0, 0, 0, 0, 0, 0, 0, 0, 0, 3, 69
"/Users/ndt/Desktop/DATN/frontend-app/src/views/MyPortfolioUniversal/components/SwitchCustom.tsx", "TypeScript JSX", 0, 0, 40, 0, 0, 0, 0, 0, 0, 0, 0, 0, 1, 3, 44
"/Users/ndt/Desktop/DATN/frontend-app/src/views/MyPortfolioUniversal/components/SwitchMode.tsx", "TypeScript JSX", 0, 0, 39, 0, 0, 0, 0, 0, 0, 0, 0, 0, 0, 6, 45
"/Users/ndt/Desktop/DATN/frontend-app/src/views/MyPortfolioUniversal/components/TransactionHistoryModal.tsx", "TypeScript JSX", 0, 0, 143, 0, 0, 0, 0, 0, 0, 0, 0, 0, 7, 5, 155
"/Users/ndt/Desktop/DATN/frontend-app/src/views/MyPortfolioUniversal/components/WithdrawModal.tsx", "TypeScript JSX", 0, 0, 385, 0, 0, 0, 0, 0, 0, 0, 0, 0, 3, 20, 408
"/Users/ndt/Desktop/DATN/frontend-app/src/views/MyPortfolioUniversal/state/hooks.ts", "TypeScript", 0, 4, 0, 0, 0, 0, 0, 0, 0, 0, 0, 0, 0, 2, 6
"/Users/ndt/Desktop/DATN/frontend-app/src/views/MyPortfolioUniversal/state/settingTransaction.ts", "TypeScript", 0, 7, 0, 0, 0, 0, 0, 0, 0, 0, 0, 0, 0, 3, 10
"/Users/ndt/Desktop/DATN/frontend-app/src/views/MyPortfolioUniversal/type.ts", "TypeScript", 0, 3, 0, 0, 0, 0, 0, 0, 0, 0, 0, 0, 0, 2, 5
"/Users/ndt/Desktop/DATN/frontend-app/src/views/MyPortfolioUniversal/utils.ts", "TypeScript", 0, 33, 0, 0, 0, 0, 0, 0, 0, 0, 0, 0, 1, 6, 40
"/Users/ndt/Desktop/DATN/frontend-app/src/views/NotFound/NotFound.tsx", "TypeScript JSX", 0, 0, 24, 0, 0, 0, 0, 0, 0, 0, 0, 0, 0, 2, 26
"/Users/ndt/Desktop/DATN/frontend-app/src/views/SwapToken/ModalSettingSwap.tsx", "TypeScript JSX", 0, 0, 29, 0, 0, 0, 0, 0, 0, 0, 0, 0, 0, 7, 36
"/Users/ndt/Desktop/DATN/frontend-app/src/views/SwapToken/SwapForm.tsx", "TypeScript JSX", 0, 0, 211, 0, 0, 0, 0, 0, 0, 0, 0, 0, 0, 27, 238
"/Users/ndt/Desktop/DATN/frontend-app/src/views/SwapToken/SwapInfo.tsx", "TypeScript JSX", 0, 0, 99, 0, 0, 0, 0, 0, 0, 0, 0, 0, 1, 20, 120
"/Users/ndt/Desktop/DATN/frontend-app/src/views/SwapToken/SwapToken.tsx", "TypeScript JSX", 0, 0, 37, 0, 0, 0, 0, 0, 0, 0, 0, 0, 0, 5, 42
"/Users/ndt/Desktop/DATN/frontend-app/src/views/SwapToken/constant.ts", "TypeScript", 0, 5, 0, 0, 0, 0, 0, 0, 0, 0, 0, 0, 0, 2, 7
"/Users/ndt/Desktop/DATN/frontend-app/src/views/SwapToken/state/hooks.ts", "TypeScript", 0, 4, 0, 0, 0, 0, 0, 0, 0, 0, 0, 0, 0, 2, 6
"/Users/ndt/Desktop/DATN/frontend-app/src/views/SwapToken/state/settingTransaction.ts", "TypeScript", 0, 7, 0, 0, 0, 0, 0, 0, 0, 0, 0, 0, 0, 3, 10
"/Users/ndt/Desktop/DATN/frontend-app/src/views/UniversalWallet/UniversalWallet.tsx", "TypeScript JSX", 0, 0, 16, 0, 0, 0, 0, 0, 0, 0, 0, 0, 0, 3, 19
"/Users/ndt/Desktop/DATN/frontend-app/src/views/UniversalWallet/components/InfoSection/InfoSection.tsx", "TypeScript JSX", 0, 0, 41, 0, 0, 0, 0, 0, 0, 0, 0, 0, 0, 7, 48
"/Users/ndt/Desktop/DATN/frontend-app/src/views/UniversalWallet/components/InfoSection/ListWallet.tsx", "TypeScript JSX", 0, 0, 104, 0, 0, 0, 0, 0, 0, 0, 0, 0, 0, 9, 113
"/Users/ndt/Desktop/DATN/frontend-app/src/views/UniversalWallet/components/InfoSection/TransactionHistory.tsx", "TypeScript JSX", 0, 0, 112, 0, 0, 0, 0, 0, 0, 0, 0, 0, 0, 5, 117
"/Users/ndt/Desktop/DATN/frontend-app/src/views/UniversalWallet/components/WalletSection/DestinationDialog.tsx", "TypeScript JSX", 0, 0, 136, 0, 0, 0, 0, 0, 0, 0, 0, 0, 0, 17, 153
"/Users/ndt/Desktop/DATN/frontend-app/src/views/UniversalWallet/components/WalletSection/ListWalletEthereum.tsx", "TypeScript JSX", 0, 0, 126, 0, 0, 0, 0, 0, 0, 0, 0, 0, 1, 15, 142
"/Users/ndt/Desktop/DATN/frontend-app/src/views/UniversalWallet/components/WalletSection/ListWalletSolana.tsx", "TypeScript JSX", 0, 0, 107, 0, 0, 0, 0, 0, 0, 0, 0, 0, 2, 14, 123
"/Users/ndt/Desktop/DATN/frontend-app/src/views/UniversalWallet/components/WalletSection/SelectedNetwork.tsx", "TypeScript JSX", 0, 0, 46, 0, 0, 0, 0, 0, 0, 0, 0, 0, 0, 6, 52
"/Users/ndt/Desktop/DATN/frontend-app/src/views/UniversalWallet/components/WalletSection/SignMessageBtn.tsx", "TypeScript JSX", 0, 0, 14, 0, 0, 0, 0, 0, 0, 0, 0, 0, 0, 5, 19
"/Users/ndt/Desktop/DATN/frontend-app/src/views/UniversalWallet/components/WalletSection/SourceWalletDialog.tsx", "TypeScript JSX", 0, 0, 125, 0, 0, 0, 0, 0, 0, 0, 0, 0, 7, 16, 148
"/Users/ndt/Desktop/DATN/frontend-app/src/views/UniversalWallet/components/WalletSection/WalletSection.tsx", "TypeScript JSX", 0, 0, 78, 0, 0, 0, 0, 0, 0, 0, 0, 0, 12, 14, 104
"/Users/ndt/Desktop/DATN/frontend-app/src/views/UniversalWallet/constant.ts", "TypeScript", 0, 13, 0, 0, 0, 0, 0, 0, 0, 0, 0, 0, 0, 3, 16
"/Users/ndt/Desktop/DATN/frontend-app/src/views/UniversalWallet/hooks/useEVMContractFee.tsx", "TypeScript JSX", 0, 0, 20, 0, 0, 0, 0, 0, 0, 0, 0, 0, 0, 5, 25
"/Users/ndt/Desktop/DATN/frontend-app/src/views/UniversalWallet/hooks/useGetGenMessage.tsx", "TypeScript JSX", 0, 0, 20, 0, 0, 0, 0, 0, 0, 0, 0, 0, 0, 6, 26
"/Users/ndt/Desktop/DATN/frontend-app/src/views/UniversalWallet/hooks/useGetListWallet.tsx", "TypeScript JSX", 0, 0, 16, 0, 0, 0, 0, 0, 0, 0, 0, 0, 0, 5, 21
"/Users/ndt/Desktop/DATN/frontend-app/src/views/UniversalWallet/hooks/useRemoveWallet.tsx", "TypeScript JSX", 0, 0, 89, 0, 0, 0, 0, 0, 0, 0, 0, 0, 0, 13, 102
"/Users/ndt/Desktop/DATN/frontend-app/src/views/UniversalWallet/hooks/useRequestLink.tsx", "TypeScript JSX", 0, 0, 105, 0, 0, 0, 0, 0, 0, 0, 0, 0, 0, 16, 121
"/Users/ndt/Desktop/DATN/frontend-app/src/views/UniversalWallet/hooks/useSignMessage.tsx", "TypeScript JSX", 0, 0, 71, 0, 0, 0, 0, 0, 0, 0, 0, 0, 0, 9, 80
"/Users/ndt/Desktop/DATN/frontend-app/src/views/UniversalWallet/network.tsx", "TypeScript JSX", 0, 0, 6, 0, 0, 0, 0, 0, 0, 0, 0, 0, 0, 2, 8
"/Users/ndt/Desktop/DATN/frontend-app/src/views/UniversalWallet/state/hooks.ts", "TypeScript", 0, 7, 0, 0, 0, 0, 0, 0, 0, 0, 0, 0, 0, 2, 9
"/Users/ndt/Desktop/DATN/frontend-app/src/views/UniversalWallet/state/state.ts", "TypeScript", 0, 19, 0, 0, 0, 0, 0, 0, 0, 0, 0, 0, 0, 4, 23
"/Users/ndt/Desktop/DATN/frontend-app/src/views/UniversalWallet/utils.ts", "TypeScript", 0, 51, 0, 0, 0, 0, 0, 0, 0, 0, 0, 0, 0, 11, 62
"/Users/ndt/Desktop/DATN/frontend-app/src/views/Vaults/Vaults.tsx", "TypeScript JSX", 0, 0, 36, 0, 0, 0, 0, 0, 0, 0, 0, 0, 0, 6, 42
"/Users/ndt/Desktop/DATN/frontend-app/src/views/Vaults/components/ClaimableReward.tsx", "TypeScript JSX", 0, 0, 110, 0, 0, 0, 0, 0, 0, 0, 0, 0, 0, 12, 122
"/Users/ndt/Desktop/DATN/frontend-app/src/views/Vaults/components/CustomSlider/CustomRail.tsx", "TypeScript JSX", 0, 0, 5, 0, 0, 0, 0, 0, 0, 0, 0, 0, 0, 3, 8
"/Users/ndt/Desktop/DATN/frontend-app/src/views/Vaults/components/CustomSlider/Slider.tsx", "TypeScript JSX", 0, 0, 53, 0, 0, 0, 0, 0, 0, 0, 0, 0, 0, 4, 57
"/Users/ndt/Desktop/DATN/frontend-app/src/views/Vaults/components/Dashboard/Audits.tsx", "TypeScript JSX", 0, 0, 79, 0, 0, 0, 0, 0, 0, 0, 0, 0, 1, 10, 90
"/Users/ndt/Desktop/DATN/frontend-app/src/views/Vaults/components/Dashboard/Chart/DestinationsChart.tsx", "TypeScript JSX", 0, 0, 64, 0, 0, 0, 0, 0, 0, 0, 0, 0, 0, 7, 71
"/Users/ndt/Desktop/DATN/frontend-app/src/views/Vaults/components/Dashboard/Chart/EarningRateChart.tsx", "TypeScript JSX", 0, 0, 99, 0, 0, 0, 0, 0, 0, 0, 0, 0, 0, 8, 107
"/Users/ndt/Desktop/DATN/frontend-app/src/views/Vaults/components/Dashboard/Chart/ProtocolChart.tsx", "TypeScript JSX", 0, 0, 63, 0, 0, 0, 0, 0, 0, 0, 0, 0, 0, 7, 70
"/Users/ndt/Desktop/DATN/frontend-app/src/views/Vaults/components/Dashboard/Chart/SupplyChart.tsx", "TypeScript JSX", 0, 0, 109, 0, 0, 0, 0, 0, 0, 0, 0, 0, 0, 10, 119
"/Users/ndt/Desktop/DATN/frontend-app/src/views/Vaults/components/Dashboard/Chart/SystemBackingChart.tsx", "TypeScript JSX", 0, 0, 94, 0, 0, 0, 0, 0, 0, 0, 0, 0, 0, 8, 102
"/Users/ndt/Desktop/DATN/frontend-app/src/views/Vaults/components/Dashboard/CollateralFarming.tsx", "TypeScript JSX", 0, 0, 66, 0, 0, 0, 0, 0, 0, 0, 0, 0, 0, 8, 74
"/Users/ndt/Desktop/DATN/frontend-app/src/views/Vaults/components/Dashboard/CollateralFarming/DestinationsSection.tsx", "TypeScript JSX", 0, 0, 16, 0, 0, 0, 0, 0, 0, 0, 0, 0, 0, 3, 19
"/Users/ndt/Desktop/DATN/frontend-app/src/views/Vaults/components/Dashboard/CollateralFarming/DestinationsTable.tsx", "TypeScript JSX", 0, 0, 59, 0, 0, 0, 0, 0, 0, 0, 0, 0, 1, 5, 65
"/Users/ndt/Desktop/DATN/frontend-app/src/views/Vaults/components/Dashboard/CollateralFarming/ProtocolSection.tsx", "TypeScript JSX", 0, 0, 16, 0, 0, 0, 0, 0, 0, 0, 0, 0, 0, 3, 19
"/Users/ndt/Desktop/DATN/frontend-app/src/views/Vaults/components/Dashboard/CollateralFarming/ProtocolTable.tsx", "TypeScript JSX", 0, 0, 64, 0, 0, 0, 0, 0, 0, 0, 0, 0, 1, 6, 71
"/Users/ndt/Desktop/DATN/frontend-app/src/views/Vaults/components/Dashboard/CollateralFarming/RebalanceActionTable.tsx", "TypeScript JSX", 0, 0, 100, 0, 0, 0, 0, 0, 0, 0, 0, 0, 1, 8, 109
"/Users/ndt/Desktop/DATN/frontend-app/src/views/Vaults/components/Dashboard/CollateralFarming/RebalanceSection.tsx", "TypeScript JSX", 0, 0, 13, 0, 0, 0, 0, 0, 0, 0, 0, 0, 0, 3, 16
"/Users/ndt/Desktop/DATN/frontend-app/src/views/Vaults/components/Dashboard/Dashboard.tsx", "TypeScript JSX", 0, 0, 39, 0, 0, 0, 0, 0, 0, 0, 0, 0, 0, 9, 48
"/Users/ndt/Desktop/DATN/frontend-app/src/views/Vaults/components/Dashboard/ListIconToken.tsx", "TypeScript JSX", 0, 0, 70, 0, 0, 0, 0, 0, 0, 0, 0, 0, 0, 9, 79
"/Users/ndt/Desktop/DATN/frontend-app/src/views/Vaults/components/Dashboard/TopDepositors.tsx", "TypeScript JSX", 0, 0, 80, 0, 0, 0, 0, 0, 0, 0, 0, 0, 2, 8, 90
"/Users/ndt/Desktop/DATN/frontend-app/src/views/Vaults/components/DepositSection/DepositSection.tsx", "TypeScript JSX", 0, 0, 108, 0, 0, 0, 0, 0, 0, 0, 0, 0, 0, 17, 125
"/Users/ndt/Desktop/DATN/frontend-app/src/views/Vaults/components/DepositSection/DepositSectionEVM.tsx", "TypeScript JSX", 0, 0, 127, 0, 0, 0, 0, 0, 0, 0, 0, 0, 0, 16, 143
"/Users/ndt/Desktop/DATN/frontend-app/src/views/Vaults/components/StakedAmount.tsx", "TypeScript JSX", 0, 0, 60, 0, 0, 0, 0, 0, 0, 0, 0, 0, 0, 6, 66
"/Users/ndt/Desktop/DATN/frontend-app/src/views/Vaults/components/VaultBanner/VaultBanner.tsx", "TypeScript JSX", 0, 0, 70, 0, 0, 0, 0, 0, 0, 0, 0, 0, 0, 6, 76
"/Users/ndt/Desktop/DATN/frontend-app/src/views/Vaults/components/VaultContent/VaultContent.tsx", "TypeScript JSX", 0, 0, 75, 0, 0, 0, 0, 0, 0, 0, 0, 0, 0, 10, 85
"/Users/ndt/Desktop/DATN/frontend-app/src/views/Vaults/components/WithdrawSection/WithdrawSection.tsx", "TypeScript JSX", 0, 0, 131, 0, 0, 0, 0, 0, 0, 0, 0, 0, 1, 23, 155
"/Users/ndt/Desktop/DATN/frontend-app/src/views/Vaults/components/WithdrawSection/WithdrawSectionEVM.tsx", "TypeScript JSX", 0, 0, 124, 0, 0, 0, 0, 0, 0, 0, 0, 0, 1, 22, 147
"/Users/ndt/Desktop/DATN/frontend-app/src/views/Vaults/constant.ts", "TypeScript", 0, 17, 0, 0, 0, 0, 0, 0, 0, 0, 0, 0, 0, 4, 21
"/Users/ndt/Desktop/DATN/frontend-app/src/views/Vaults/hooks/useGetAudit.tsx", "TypeScript JSX", 0, 0, 14, 0, 0, 0, 0, 0, 0, 0, 0, 0, 0, 4, 18
"/Users/ndt/Desktop/DATN/frontend-app/src/views/Vaults/hooks/useGetEarning.tsx", "TypeScript JSX", 0, 0, 14, 0, 0, 0, 0, 0, 0, 0, 0, 0, 0, 4, 18
"/Users/ndt/Desktop/DATN/frontend-app/src/views/Vaults/hooks/useGetProtocolPositions.tsx", "TypeScript JSX", 0, 0, 14, 0, 0, 0, 0, 0, 0, 0, 0, 0, 0, 4, 18
"/Users/ndt/Desktop/DATN/frontend-app/src/views/Vaults/hooks/useGetRebalanceActions.tsx", "TypeScript JSX", 0, 0, 13, 0, 0, 0, 0, 0, 0, 0, 0, 0, 0, 4, 17
"/Users/ndt/Desktop/DATN/frontend-app/src/views/Vaults/hooks/useGetSystemBacking.tsx", "TypeScript JSX", 0, 0, 31, 0, 0, 0, 0, 0, 0, 0, 0, 0, 0, 8, 39
"/Users/ndt/Desktop/DATN/frontend-app/src/views/Vaults/hooks/useGetTopDepositor.tsx", "TypeScript JSX", 0, 0, 14, 0, 0, 0, 0, 0, 0, 0, 0, 0, 0, 4, 18
"/Users/ndt/Desktop/DATN/frontend-app/src/views/Vaults/hooks/useGetVaultPosition.tsx", "TypeScript JSX", 0, 0, 14, 0, 0, 0, 0, 0, 0, 0, 0, 0, 0, 4, 18
"/Users/ndt/Desktop/DATN/frontend-app/src/views/Vaults/state/hooks.ts", "TypeScript", 0, 3, 0, 0, 0, 0, 0, 0, 0, 0, 0, 0, 0, 2, 5
"/Users/ndt/Desktop/DATN/frontend-app/src/views/Vaults/state/state.ts", "TypeScript", 0, 3, 0, 0, 0, 0, 0, 0, 0, 0, 0, 0, 0, 2, 5
"/Users/ndt/Desktop/DATN/frontend-app/src/vite-env.d.ts", "TypeScript", 0, 0, 0, 0, 0, 0, 0, 0, 0, 0, 0, 0, 1, 1, 2
"/Users/ndt/Desktop/DATN/frontend-app/tsconfig.app.json", "JSON", 25, 0, 0, 0, 0, 0, 0, 0, 0, 0, 0, 0, 4, 3, 32
"/Users/ndt/Desktop/DATN/frontend-app/tsconfig.json", "JSON with Comments", 0, 0, 0, 0, 0, 7, 0, 0, 0, 0, 0, 0, 0, 1, 8
"/Users/ndt/Desktop/DATN/frontend-app/tsconfig.node.json", "JSON", 23, 0, 0, 0, 0, 0, 0, 0, 0, 0, 0, 0, 4, 3, 30
"/Users/ndt/Desktop/DATN/frontend-app/vite.config.ts", "TypeScript", 0, 26, 0, 0, 0, 0, 0, 0, 0, 0, 0, 0, 1, 2, 29
"Total", "-", 19265, 42355, 19174, 35, 27, 7, 290, 38, 11, 40, 76, 6, 535, 3288, 85147